Reaction,fc,pval,Ges1_A_D,Ges1_P_D,subSystem
2HBO,4.123053757098867,0,306.641398574879,-186.93100195841762,Propanoate metabolism
2HBt2,1.2149559850389489,0,57.56728275130305,-593.1865421161651,"Transport, extracellular"
34HPLFM,-0.9967780524097599,0,0.8462937437436397,524.4842524806976,Ubiquinone synthesis
ABUTt2rL,-1.2896286343972791,0,-3.596651036213408,28.432945580764116,"Transport, lysosomal"
ACETONEt2,1.4179702216759442,0,41.9009964980118,-242.39851677589417,"Transport, extracellular"
ACETONEt2m,1.4179702216759442,0,41.9009964980118,-242.39851677589417,"Transport, mitochondrial"
ACONTm,-1.074074415192409,0,-21.484402537363813,601.560599738729,Citric acid cycle
ADK3m,-16.60571448798972,0,-304.2455950858466,269.68345387954713,Nucleotide interconversion
ADNtm,1.4128087067122483,0,62.840489162811636,-10.751412239312293,"Transport, mitochondrial"
AKGMALtm,1.0118544173129138,0,293.8890325266838,-1.7316776031503456,"Transport, mitochondrial"
ARACHCPT1,0.9434692954757682,0,90.65537500282302,2.6369401511761166,Fatty acid oxidation
ARACHCPT2,0.9434692954757676,0,90.65537500282302,2.636940151176142,Fatty acid oxidation
ARACHDt2,-1.2687406717398804,0,-101.60965643960377,857.8007888183594,"Transport, extracellular"
ATPH2e,0.91087487670551,0,159.08393683943748,7.419834578301784,Nucleotide interconversion
C180CPT1,-1.5688066569617718,0,-37.243064004841635,8.246670754373756,Fatty acid oxidation
C180CPT2,-19.664339211065535,0,-13.438153638988652,14.878135358890267,Fatty acid oxidation
CDIPTr,-0.9998006101769781,0,-221.63710987067222,-0.022098295143688915,Glycerophospholipid metabolism
CDSm,0.9933771382557407,0,5.339975743266829,0.0177417109821482,Glycerophospholipid metabolism
COAtm,1.2163278142301273,0,6.744116008269975,-69.0950072449896,"Transport, mitochondrial"
CSNAT2m,-2.3967047467941627,0,-99.66338270900548,242.37555281906128,Fatty acid oxidation
CSNAT2x,2.4188627046341393,0,430.45003718910215,-178.64113207826315,Fatty acid oxidation
CYTK10,15.89316459691926,0,287.05176117954255,-253.0673931787843,Nucleotide interconversion
CYTK10n,2.3468274571509395,0,277.90612234210965,-690.588713369751,Nucleotide interconversion
CYTK11,-1.0422838783399653,0,-16.892803467501235,815.9114427551269,Nucleotide interconversion
CYTK11n,-3.1087834045716574,0,-252.57636914594994,129.63176765397563,Nucleotide interconversion
CYTK12,-7.295065869718186,0,-84.90647960231304,111.88204470664263,Nucleotide interconversion
CYTK13n,2.0656764777166376,0,752.2136934234619,-261.48109401772024,Nucleotide interconversion
CYTK14,1.6973130622607648,0,252.70655359117686,-65.33004388831742,Nucleotide interconversion
CYTK1m,0.9933771382557407,0,5.339975743266829,0.017741710982148225,Nucleotide interconversion
CYTK1n,-2.323345108423328,0,-406.46107215099335,161.85146412636786,Nucleotide interconversion
CYTK4n,-10.981154188486443,0,-418.9577177536117,349.0215978835881,Nucleotide interconversion
CYTK5,2.2549928000175794,0,634.7999945461273,-244.75305217335224,Nucleotide interconversion
CYTK5n,3.3561703695807847,0,344.8632216663361,-637.5952126281738,Nucleotide interconversion
CYTK6,-2.378269848346186,0,-375.10337877941134,919.4138840545654,Nucleotide interconversion
CYTK8,-8.707894822200311,0,-376.4906133388519,474.18022172698977,Nucleotide interconversion
CYTK9n,-1.2511594211603014,0,-628.9195917884826,70.16787844752125,Nucleotide interconversion
DIDPtn,1.8630728785375428,0,104.56797086551153,-31.521998721816157,"Transport, nuclear"
DITPtn,-1.8630728785375428,0,-104.56797086551153,31.521998721816157,"Transport, nuclear"
DLNLCGt,1.193454287169376,0,11.196902814455825,-0.9875240460427565,"Transport, extracellular"
ELAIDCPT2,0.8477105808733576,0,204.3181945722431,16.840028676841722,Fatty acid oxidation
ESTRONESt,-0.988150439486814,0,-508.1233913757324,-3.0284624114391545,"Transport, extracellular"
ESTRONEtr,-0.9783691990639832,0,-600.9557538261414,-6.570641257717432,"Transport, endoplasmic reticular"
EX_2hb[e],-4.123053757098867,0,-306.641398574879,186.93100195841762,Exchange/demand reaction
EX_ala_B[e],3.496587767740941,0,22.601705388044405,-12.548880199045874,Exchange/demand reaction
EX_amp[e],3.073490497227646,0,183.97733477182388,-93.64824972938374,Exchange/demand reaction
EX_i[e],-3.305500611620722,0,-154.05341518945397,287.69329748916624,Exchange/demand reaction
EX_inost[e],4.802225200663307,0,330.07152704486845,-503.6917150270462,Exchange/demand reaction
EX_pchol_hs[e],1.0536848156025187,0,9.592277270004944,-366.9475987831116,Exchange/demand reaction
EX_pe_hs[e],-0.9460383768801754,0,-261.7992271385193,-7.259420675227512,Exchange/demand reaction
EX_ptdca[e],15.496181082340287,0,0.37628915255085643,-0.42820477783360955,Exchange/demand reaction
EX_sl_L[e],-0.8541916679905074,0,4.108296031154417,52.24371039447226,Exchange/demand reaction
EX_thyox_L[e],3.305500611620722,0,154.05341518945397,-287.69329748916624,Exchange/demand reaction
FCLTm,-0.9209139749658177,0,1.7857273494843988,43.37338511602581,Heme synthesis
FE2t,-0.8404583628672971,0,3.358226852591998,38.74021105924547,"Transport, extracellular"
FRUt1r,1.6840461165731786,0,57.67940755334813,-226.32127585983275,"Transport, extracellular"
FUMtm,1.1419693076432509,0,27.912490671059185,-421.13115369644163,"Transport, mitochondrial"
GALGLUSIDEtl,2.1781935894010833,0,19.03080836881311,-51.33587018550001,"Transport, lysosomal"
GLNCYSNaEx,0.93582060548142,0,73.1340327351357,2.424655428479515,"Transport, extracellular"
GLUDxm,-0.8302767171410983,0,-192.97364514459298,-17.89462776445523,Glutamate metabolism
GLUDym,1.8855513581344825,0,42.250109486041964,-137.67113526380547,Glutamate metabolism
GLUt2m,14.080299023238608,0,222.90081520389145,-256.98272950996096,"Transport, mitochondrial"
GLYCLTDy,0.8290344584897279,0,42.22450211464714,3.946855585757036,Glyoxylate and dicarboxylate metabolism
H2Otn,-1.2403308774795008,0,-23.437777492404287,218.4836886812687,"Transport, nuclear"
HSD17B1,-0.9450623916484175,0,-609.0166937812805,-17.20146394593359,Steroid metabolism
ICDHy,-0.8434122407409193,0,37.43232433099535,440.6679372489929,Citric acid cycle
KCC2t,1.8869033607644132,0,320.5360279311121,-98.47384719622359,"Transport, extracellular"
LCYSTAT,-0.8541916679905074,0,4.108296031154417,52.24371039447226,Methionine and cysteine metabolism
LEUt5m,4.640588789051811,0,70.20970689628345,-108.78022994322693,"Transport, mitochondrial"
LEUTAm,4.640588789051811,0,70.20970689628345,-108.78022994322693,"Valine, leucine, and isoleucine metabolism"
MANt1r,1.7798047822035137,0,39.764156984277626,-141.74905856930016,"Transport, extracellular"
NDPK10,-1.8630728785375428,0,-104.56797086551153,31.521998721816157,Nucleotide interconversion
NDPK10n,1.8630728785375428,0,104.56797086551153,-31.521998721816157,Nucleotide interconversion
NDPK1m,-2.0357877829380313,0,-49.3308725407877,16.831319826305563,Nucleotide interconversion
NDPK3m,0.9933771382557407,0,5.339975743266829,0.017741710982148204,Nucleotide interconversion
OCDCEAtr,-1.156070522348502,0,-27.579948097071984,381.0092527736664,"Transport, extracellular"
ORNt3m,4.71620636913687,0,215.97767369310193,-140.41088700071947,"Transport, mitochondrial"
PEt,2.081586006933709,0,154.2966819814563,-54.15559772530916,"Transport, extracellular"
PGPP_hs,0.9998848750310513,0,230.3823477815628,0.013262143719280311,Glycerophospholipid metabolism
PGPPT,0.9998848750310513,0,230.3823477815628,0.013262143719280311,Glycerophospholipid metabolism
PHEMEtm,-0.9209139749658177,0,1.7857273494843988,43.37338511602581,"Transport, mitochondrial"
PROSTGE2t,1.009531298926415,0,3.0371628097745433,-640.3401858757019,"Transport, extracellular"
PSSA1_hs,8.529833514059733,0,198.18949734964372,-250.83063396430686,Glycerophospholipid metabolism
PTDCACRNCPT1,-15.496181082701721,0,-0.3762891525519939,0.42820477783360955,Fatty acid oxidation
PTDCACRNCPT2,-15.496181082340287,0,-0.37628915255085643,0.42820477783360955,Fatty acid oxidation
SCP21x,-2.157686362088681,0,-1.2106734592269466,3.302213100486376,"Transport, peroxisomal"
SERASNNaEx,0.9624960844390894,0,230.00649636910316,4.395496269615848,"Transport, extracellular"
SERGLNNaEx,0.9460550613037657,0,263.50681861684325,7.304448604245587,"Transport, extracellular"
SLDt,-0.8541916679905074,0,4.108296031154417,52.24371039447226,Methionine and cysteine metabolism
SLDx,0.8541916679905074,0,-4.108296031154417,-52.24371039447226,Methionine and cysteine metabolism
STRDNCCPT2,-1.028240847891595,0,-46.62911679252229,0.6492551395096525,Fatty acid oxidation
T4HCINNMFM,-0.9967780524097599,0,0.8462937437436397,524.4842524806976,Ubiquinone synthesis
TETTET6CPT1,-0.9072156053710246,0,-269.55459442532805,-13.113598584648532,Fatty acid oxidation
TETTET6CPT2,-0.9072156053710246,0,-269.55459442532805,-13.113598584648532,Fatty acid oxidation
TETTET6CRNt,-0.9072156053709844,0,-269.55459442532805,-13.113598584654502,Fatty acid oxidation
THBPT4ACAMDASE,0.8342259454757357,0,326.56614960212374,29.514463484421164,Tetrahydrobiopterin metabolism
THRGLNNaEx,-0.8486788645512021,0,4.818604614146466,58.86852805050267,"Transport, extracellular"
TYRTAm,-0.9967780524097599,0,0.8462937437436397,524.4842524806976,Tyrosine metabolism
UDPGLCAter,1.8024135260069734,0,44.39444655697344,-12.711437504252384,"Transport, endoplasmic reticular"
UMPK2,3.3224858508357324,0,333.4889180195179,-179.18469145736992,Nucleotide interconversion
UMPK5,27.586206929257774,0,268.99796170186994,-289.23386541070937,Nucleotide interconversion
UMPK6,-1.4423601643556583,0,-38.51671560686882,212.65859686316253,Nucleotide interconversion
UMPK7n,1.5089973040017384,0,557.424199314338,-113.08398545657788,Nucleotide interconversion
VALt5m,1.547580613148465,0,6.5151751645116835,-30.311398069668595,"Transport, mitochondrial"
VALTAm,1.5475806131484264,0,6.5151751645116835,-30.311398069670272,"Valine, leucine, and isoleucine metabolism"
VALtec,1.1037210918438032,0,29.453424637266714,-597.388530480957,"Transport, extracellular"
r0027,4.364603855175851,0,367.38506939697265,-230.41873252849578,Methionine and cysteine metabolism
r0074,-1.7820760558928037,0,-618.9619943054199,173.9978870198719,Urea cycle
r0083,0.933825522504525,0,183.8023898460388,6.28961970402,Miscellaneous
r0276,3.2425238891496546,0,258.47576637630465,-136.6257671164952,Purine catabolism
r0309,-0.9512065567187845,0,-283.66940425332785,-7.093665680545242,Fatty acid oxidation
r0317,1.1079511883775006,0,30.71400405675117,-599.7490377304077,Miscellaneous
r0408,10.305372890080791,0,290.52004860229493,-352.9614041576385,Miscellaneous
r0456,-0.8503180298295089,0,5.557050854814267,68.6943883597372,Nucleotide interconversion
r0480,-0.9378265698082594,0,-699.0154406669617,-22.42728445381791,Glycerophospholipid metabolism
r0488,1.449831686689899,0,285.3314966842651,-52.39182312669754,Cholesterol metabolism
r0643,1.3563677604714506,0,107.3644150163034,-709.9128322708129,"Valine, leucine, and isoleucine metabolism"
r0686,1.4004397877811035,0,14.578738118267006,-87.39237234302759,Arginine and proline metabolism
r0688,-1.0378847790350885,0,-490.9127336029053,9.126188403479429,Bile acid synthesis
r0739,-1.0378847790350885,0,-490.9127336029053,9.126188403479429,Bile acid synthesis
r0788,-0.9378265698082594,0,-699.0154406669617,-22.427284453817933,Sphingolipid metabolism
r0789,-0.9378265698082594,0,-699.0154406669617,-22.42728445381791,Sphingolipid metabolism
r0791,1.5418223754037341,0,20.14050442122519,-94.4840728507042,Fatty acid oxidation
r0899,0.9401273956016445,0,449.8475055351257,13.8823573130049,"Transport, extracellular"
r0913,-1.169909160105576,0,-38.187198145025036,487.6885448799133,"Transport, mitochondrial"
r0915,-4.043669384560484,0,-643.0075516815185,388.03146080217886,"Transport, mitochondrial"
r0954,-1.0931455720115815,0,-307.9457405132294,13.703672851128445,"Transport, peroxisomal"
r1078,-0.9967780524097599,0,0.8462937437436397,524.4842524806976,"Transport, mitochondrial"
r1154,1.032222331171328,0,321.12378556785586,-5.091646128892774,Propanoate metabolism
r1459,-1.2700600764289227,0,-25.728584414798814,216.26829509706496,"Transport, nuclear"
r1531,-0.883149173311615,0,6.352740649808872,102.37974896706342,"Transport, extracellular"
r2079,-3.300866603835461,0,-142.56132195380852,266.48099788475037,"Transport, extracellular"
r2080,-2.126135419993418,0,-176.85432836784514,490.94502337303163,"Transport, extracellular"
r2081,1.611361632288842,0,463.5473648360252,-108.52387126517966,"Transport, extracellular"
r2082,1.3200349535067015,0,22.33293846497014,-161.89855915897655,"Transport, extracellular"
r2083,-19.415108284309863,0,-321.53141671648024,356.45181053142545,"Transport, extracellular"
r2084,0.8548161846374841,0,-3.9897128944214493,-50.97113634981917,"Transport, extracellular"
r2085,0.9526791341263341,0,-14.941754616327398,-616.5663270919799,"Transport, extracellular"
r2087,-1.145533989999811,0,-5.852658673961275,86.28278601354528,"Transport, extracellular"
r2088,1.4266729787071202,0,189.01718839185386,-33.23419657516647,"Transport, extracellular"
r2089,2.2545090501678207,0,167.76833146716655,-435.23285305786135,"Transport, extracellular"
r2092,0.9411192167984037,0,-12.917862028217593,-425.86237579536436,"Transport, extracellular"
r2093,1.3673155238632184,0,42.609103596839695,-274.6118414539337,"Transport, extracellular"
r2095,0.8249506529233677,0,-49.44983662467897,-515.5318379774094,"Transport, extracellular"
r2098,-3.919923370683243,0,-302.49417321929934,509.6874004501343,"Transport, extracellular"
r2099,-1.033213555959918,0,-6.706337359470874,410.5376746341705,"Transport, extracellular"
r2100,0.9616708222579347,0,-4.096178082474694,-209.64063151149898,"Transport, extracellular"
r2101,2.2262625554507385,0,104.80526820943618,-275.73973529167176,"Transport, extracellular"
r2102,-5.554040342041791,0,-151.07079147287607,104.97074216319704,"Transport, extracellular"
r2103,2.1823402557265834,0,67.16477580321194,-24.953842712478018,"Transport, extracellular"
r2107,2.1068452090877847,0,18.282735269274852,-51.31849333040919,"Transport, extracellular"
r2108,0.9135802564949473,0,-13.9373010766536,-308.61170245837195,"Transport, extracellular"
r2111,1.1766213278684337,0,19.356396520324235,-238.54166427850723,"Transport, extracellular"
r2112,1.0698257105023958,0,8.34065971120689,-247.2400465186119,"Transport, extracellular"
r2113,2.482706698689691,0,89.95500545418412,-38.296905455106874,"Transport, extracellular"
r2116,0.8646273138508234,0,-2.5565513503886406,-35.214012610666174,"Transport, extracellular"
r2117,-3.248491148586673,0,-433.7593556765169,229.56481201090813,"Transport, extracellular"
r2118,-0.8907492402493415,0,21.710821739900673,375.7385285337448,"Transport, extracellular"
r2119,-44.69014863578061,0,-404.1557131626606,422.6567128517151,"Transport, extracellular"
r2120,1.2927092796150799,0,105.54246383418646,-826.6843693656922,"Transport, extracellular"
r2121,-0.9821424447528265,0,3.619051483333016,401.70535415229796,"Transport, extracellular"
r2122,4.291051198276472,0,685.5580440727234,-426.4193518234253,"Transport, extracellular"
r2124,-3.8114762127539703,0,-394.2086789987326,674.6369303283691,"Transport, extracellular"
r2128,3.2569732920105876,0,802.4173099121094,-425.42771901283265,"Transport, extracellular"
r2129,-2.1447052773753765,0,-634.1919801582336,230.85244642136098,"Transport, extracellular"
r2130,-0.8648875414097739,0,-332.1585199704528,-24.06512632980123,"Transport, extracellular"
r2131,1.0609701485460103,0,10.862689636418782,-367.1908238288879,"Transport, extracellular"
r2132,1.5632272081949987,0,5.843419111068826,-26.593194782579832,"Transport, extracellular"
r2133,1.197969041926207,0,3.0187834677457817,-33.516314176320236,"Transport, extracellular"
r2371,-1.7007875461693291,0,-215.08952928533648,828.9404187911987,"Transport, mitochondrial"
r2372,1.6596807786993257,0,95.77544262456982,-386.1444990442753,"Transport, mitochondrial"
r2373,0.9596662233546501,0,378.9305616508484,7.799134595257207,"Transport, mitochondrial"
r2374,1.506859042349768,0,248.5161760530472,-50.247209306433334,"Transport, mitochondrial"
r2375,-3.3214138121880676,0,-192.89565529470443,359.0837379897833,"Transport, mitochondrial"
r2376,-2.617984785605698,0,-300.6335748493195,134.44516187124253,"Transport, mitochondrial"
r2377,1.0288090089444977,0,353.15962525491716,-5.0148529299451265,"Transport, mitochondrial"
r2389,-0.9239165325219718,0,2.8831064903692045,72.90488230501,"Transport, mitochondrial"
r2538,-0.925329647792437,0,11.832905602010126,305.1042790283203,"Transport, endoplasmic reticular"
RE0344C,1.0092281382134671,0,3.948930214563382,-859.7944156669616,Fatty acid synthesis
RE0915C,-0.8483496243307308,0,19.550994260144886,238.2920103992462,Starch and sucrose metabolism
RE2112C,-0.9576233281333948,0,19.904132109405612,919.4868692443848,Bile acid synthesis
RE2888C,-6.013892601135701,0,-19.029041874667957,26.619568193623284,Purine catabolism
RE3010X,-1.07003296590117,0,-273.7849555109233,9.26264111219244,Eicosanoid metabolism
RE3012C,90.02506785320483,0,4.582638319557028,-4.685589958462003,Eicosanoid metabolism
RE3346C,-1.0828866201281035,0,-22.033183761419963,553.6795152770997,Bile acid synthesis
RE3430X,-1.07003296590117,0,-273.7849555109233,9.26264111219244,Eicosanoid metabolism
RE3432X,-1.07003296590117,0,-273.7849555109233,9.26264111219244,Eicosanoid metabolism
EX_CE0074[e],-6.01389260122382,0,-19.029041874763323,26.619568193623284,Exchange/demand reaction
ADPCOACROT,1.6950979402004887,0,1.6434154151726974,-6.372002050600458,Fatty acid oxidation
C10DCCACT,1.8945020229281242,0,3.5332283702415848,-11.433106245700541,Fatty acid oxidation
C6DCCACT,1.6950979402004887,0,1.6434154151726974,-6.372002050600458,Fatty acid oxidation
SEBCOACROT,1.8945020229281242,0,3.5332283702415848,-11.433106245700541,Fatty acid oxidation
SUBERCACT,2.099514510823181,0,3.024933989604443,-8.527242435428855,Fatty acid oxidation
SUBERCROT,2.099514510823181,0,3.024933989604443,-8.527242435428855,Fatty acid oxidation
FADDPle,-0.8254517323765352,0,9.019966810078147,94.33215387135996,Vitamin B2 metabolism
FMNALKPle,-0.8254517323765352,0,9.019966810078147,94.33215387135996,"Transport, extracellular"
PHEMEe,-0.8404583628672971,0,3.358226852591998,38.74021105924547,"Transport, extracellular"
LKYNRtr,-2.083107436595998,0,-51.38224654536396,146.2615628703421,"Transport, extracellular"
LKYNRtr2,0.9561722682103199,0,45.121775138408644,1.0109462703147845,"Transport, extracellular"
C02712te,1.0346418920188691,0,577.312804184723,-9.829350266563937,"Transport, extracellular"
EX_C02712[e],1.0346418920188691,0,577.312804184723,-9.829350266563937,Exchange/demand reaction
EX_sebacid[e],5.109766534242858,0,3.3685973012319375,-5.007910519228411,Exchange/demand reaction
SEBACIDtd,5.109766534242858,0,3.3685973012319375,-5.007910519228411,"Transport, extracellular"
MALTTTRt,-0.8483496243307308,0,19.550994260144886,238.2920103992462,"Transport, extracellular"
ARGtD,1.2842011895377858,0,334.9718539985657,-41.67732676268052,"Transport, extracellular"
sink_dgchol[c],2.6092003526602716,0,10.12719033716668,-4.515315490871641,Exchange/demand reaction
sink_pydx[c],-0.844541861562435,0,8.877380016336502,105.33188693563892,Exchange/demand reaction
sink_dchac[c],-0.9576233281333948,0,19.904132109405612,919.4868692443848,Exchange/demand reaction
ASPTA,1.7837651936584242,0,492.0272807189941,-138.5295921640396,Alanine and aspartate metabolism
GK1,3.627754408747304,0,24.06523424377275,-42.38143165070247,Nucleotide interconversion
L_LACt2r,-2.2440242931567904,0,-335.47311010752765,128.64783397429892,"Transport, extracellular"
MTHFD,2.8260092178970235,0,124.75085800051838,-261.3885669209491,Folate metabolism
NDPK3,-1.537372929294669,0,-256.49875284957886,54.322123716170715,Nucleotide interconversion
NDPK7,-17.383066462262438,0,-160.26528888461715,179.8300375540778,Nucleotide interconversion
PGK,0.9849725048277119,0,-4.525062544209103,-597.7127012786865,Glycolysis/gluconeogenesis
PUNP6,0.9157368560288637,0,268.1673708629608,11.795265987745003,Purine catabolism
TPI,-1.1640291928945385,0,-158.1768740733862,11.989498604745949,Glycolysis/gluconeogenesis
r0082,-0.8430757608095342,0,38.51784271368729,452.39220295410155,Miscellaneous
r0422,-0.8430757608095342,0,38.51784271368729,452.39220295410155,Miscellaneous
CYTK1,1.842618434821734,0,648.8826092376709,-192.3439466518402,Nucleotide interconversion
EX_xyl_D[e],-1.0324906754218697,0,-4.3327941514006705,271.04280218553544,Exchange/demand reaction
LDH_L,1.2706783493756302,0,358.19623473377226,-42.699119228825715,Glycolysis/gluconeogenesis
MALT,-0.9119514140846825,0,9.565648751876875,207.7154955717087,Starch and sucrose metabolism
MI1PP,0.9238923188700794,0,240.99021214580537,9.533385024478326,Inositol phosphate metabolism
MI3PP,0.9651046315035908,0,238.96466019055248,4.243417750528725,Inositol phosphate metabolism
XYLt,1.0324906754217786,0,4.332794151388737,-271.04280218553544,"Transport, extracellular"
PYRt2r,1.129029515120192,0,370.8576848937988,-22.47577448814388,"Transport, extracellular"
EX_pheme[e],-0.8404583628672971,0,3.358226852591998,38.74021105924547,Exchange/demand reaction
EX_phpyr[e],-1.8986066770450423,0,-160.69297038313448,518.3421499141693,Exchange/demand reaction
PHPYRte,1.8986066770450423,0,160.69297038313448,-518.3421499141693,"Transport, extracellular"
NRVNCABCt,-0.8602331345470902,0,2.296720425638872,30.56829973770853,"Transport, extracellular"
APRGSTRNt1e,-1.2412789415008265,0,-66.87958367134519,621.2552225508451,"Transport, extracellular"
AMETAMte,32.98740257939635,0,144.60453421784044,-136.09523234459274,"Transport, extracellular"
EX_ametam[e],32.98740257939635,0,144.60453421784044,-136.09523234459274,Exchange/demand reaction
34DHPEAR,-0.8675142686072902,0,6.234625840841868,87.88306932983883,Tyrosine metabolism
NADPQNOXR,-0.8875479671867839,0,23.46609380937359,393.88685610752106,Tyrosine metabolism
NADQNOXR,0.8802220169705658,0,664.1853999214172,42.31137963609474,Tyrosine metabolism
TETTET6COAtm,0.9072156053710246,0,269.55459442532805,13.113598584648532,"Transport, mitochondrial"
34DHPEt,0.8675142686073178,0,-6.234625840840474,-87.88306932983883,"Transport, extracellular"
EX_34dhpe[c],-0.8675142686072902,0,6.234625840841868,87.88306932983883,Exchange/demand reaction
HMR_0770,1.9291234710594607,0,144.465710379982,-45.82479489291385,"Transport, extracellular"
HMR_1104,-1.07003296590117,0,-273.7849555109233,9.26264111219244,"Transport, peroxisomal"
HMR_1129,90.02506785320483,0,4.582638319557028,-4.685589958462003,Leukotriene metabolism
HMR_1283,1.07003296590117,0,273.7849555109233,-9.26264111219244,"Transport, peroxisomal"
HMR_1321,1.0480517463184071,0,9.783895617592457,-417.00720661907195,Eicosanoid metabolism
HMR_2281,-0.8297339829621685,0,8.25207164777013,88.67944517906196,Fatty acid synthesis
HMR_2612,6.672398593352814,0,79.1011043475449,-106.99093015782535,"Transport, mitochondrial"
HMR_2673,1.197826439069885,0,41.26324530473184,-458.42937839329244,"Transport, mitochondrial"
HMR_2675,-1.6003205038451107,0,-6.790421786302026,1.567664225254466,Fatty acid oxidation
HMR_2676,-1.6003205038451105,0,-6.790421786302028,1.567664225254466,"Transport, mitochondrial"
HMR_2677,1.6003205038451105,0,6.790421786302028,-1.567664225254466,"Transport, mitochondrial"
HMR_2684,1.0664439647142183,0,3.82979890858769,-0.12314247465207413,Fatty acid oxidation
HMR_2685,-1.0664439647121149,0,-3.8297989085876902,0.1231424746483012,"Transport, mitochondrial"
HMR_2686,-1.0664439647141106,0,-3.8297989085876902,0.12314247465188086,"Transport, mitochondrial"
HMR_2715,-1.8606598220432795,0,-228.808609998703,68.83949501650129,"Transport, mitochondrial"
HMR_2718,-0.9656672305609131,0,8.92036145968955,510.7208795719147,"Transport, mitochondrial"
HMR_2727,-0.8263874682219998,0,2.0332854393491413,21.389971148477354,"Transport, mitochondrial"
HMR_2764,1.2555403566211878,0,14.173100621449947,-125.09961578210704,"Transport, mitochondrial"
HMR_2888,-0.925329647792437,0,11.832905602010126,305.1042790283203,"Transport, endoplasmic reticular"
HMR_2890,0.925329647792437,0,-11.832905602010122,-305.1042790283203,"Transport, endoplasmic reticular"
HMR_3116,0.846803486964482,0,229.84479163603783,19.066143672866783,Fatty acid oxidation
HMR_3117,0.846803486964482,0,229.84479163603783,19.066143672866783,Fatty acid oxidation
HMR_3118,0.846803486964482,0,229.84479163603783,19.066143672866783,Fatty acid oxidation
HMR_3831,-0.8712450184040269,0,16.49987657415833,239.79896902599336,Glutamate metabolism
HMR_4343,0.9617445122142597,0,569.4149417861938,11.1040179875067,Pyrimidine synthesis
HMR_4422,-0.8433642424550096,0,6.486871330718728,76.340593258336,Arginine and proline metabolism
HMR_4592,1.219955798019822,0,24.51453671012875,-247.41874683619739,Pentose phosphate pathway
HMR_4756,-0.8887856015723707,0,1.7857273494843988,30.32751292751854,"Transport, mitochondrial"
HMR_5420,-0.9209139749658177,0,1.7857273494843988,43.37338511602581,"Transport, mitochondrial"
HMR_6755,1.289227303304086,0,66.35019416853609,-8.382866876247048,Phenylalanine metabolism
HMR_6826,1.0115634703135061,0,2.248057146962641,-391.06855584049225,Phenylalanine metabolism
HMR_6834,-1.0115634703134726,0,-2.248057146956169,391.06855584049225,Phenylalanine metabolism
HMR_6854,3.305500611620722,0,154.05341518945397,-287.69329748916624,Phenylalanine metabolism
HMR_7755,0.91087487670551,0,159.08393683943748,7.419834578301784,Glycerophospholipid metabolism
HMR_7758,-1.8203682489372637,0,-8.912103593697163,30.63918434125716,"Transport, mitochondrial"
HMR_7977,-1.241278941501598,0,-66.87958367153593,621.2552225508451,"Transport, extracellular"
HMR_9188,0.8572187145970931,0,-12.44390620166377,-161.8633381483078,"Transport, extracellular"
HMR_9639,-6.013892601135701,0,-19.029041874667957,26.619568193623284,"Transport, extracellular"
DM_hdca24g[c],-0.857218714596902,0,12.443906201681704,161.8633381483078,Exchange/demand reaction
HDCA24GSr,-0.857218714596902,0,12.443906201681704,161.8633381483078,Bile acid synthesis
HDCA24Gtr,0.857218714596902,0,-12.443906201681704,-161.8633381483078,"Transport, extracellular"
M02155tr,-0.857218714596902,0,12.443906201681704,161.8633381483078,"Transport, extracellular"
ACMPdt,-0.8368110123848448,0,0.23742398625245095,2.672380035724356,Drug metabolism
EX_M02155[e],0.8572187145968384,0,-12.443906201687664,-161.8633381483078,Exchange/demand reaction
sink_4abut[l],1.2896286343972791,0,3.596651036213408,-28.432945580764116,Exchange/demand reaction
