Reaction,fc,pval,MCF10A_KO,MCF10A_P,subSystem
2HBt2,1.3515828297797732,0,23.316806074080244,-155.9558549644118,"Transport, extracellular"
34DHOXPEGOX,-1.5379556944958022,0,-125.55927711667745,26.614069058881597,Tyrosine metabolism
34DHOXPEGt,-1.5379556944958022,0,-125.55927711667745,26.614069058881597,"Transport, extracellular"
5FTHFt2,-0.8443798018675818,0,20.933630679169205,248.10124950208663,"Transport, extracellular"
ACETONEt2,-3.8612564948050165,0,-154.69610472569093,91.05161080071208,"Transport, extracellular"
ACETONEt2m,-3.177110099304013,0,-174.69608135809898,91.05161080071208,"Transport, mitochondrial"
ACONTm,4.462674954259696,0,413.2778086109161,-261.96812532520295,Citric acid cycle
ADK3m,-1.5086508360935307,0,-27.351836955677346,134.8984485595867,Nucleotide interconversion
ADNtm,-1.1535309568684204,0,-6.618240300476836,92.83199725828469,"Transport, mitochondrial"
AKGMALtm,-1.0114372807514904,0,-343.6301504821777,1.9539234672399264,"Transport, mitochondrial"
ALATHRNaEx,-0.8806295251359981,0,11.395818913182033,179.53613350076677,"Transport, extracellular"
ALDD21,-0.994880252809995,0,1.9336143953826157,753.4218059494018,Fatty acid oxidation
AMACR2p,0.8831400828720702,0,82.46989289741516,5.117741870186667,Bile acid synthesis
AMETt2m,1.5030903604932213,0,141.8124443891585,-705.5777459152222,"Transport, mitochondrial"
ARACHCPT1,-1.3006763418917233,0,-1.832799625781052,14.023979112998981,Fatty acid oxidation
ARACHCPT2,-1.3006763418917233,0,-1.832799625781052,14.023979112998981,Fatty acid oxidation
ASPTAm,0.8257326262297504,0,61.08761741077518,5.830853052147799,Alanine and aspartate metabolism
ATPH2e,-0.8864469920310301,0,12.96274077526452,215.34897032985688,Nucleotide interconversion
BAAT3x,0.8539117547931565,0,84.73036992259026,6.676753100958117,Bile acid synthesis
BTNt2,-0.9074847745544202,0,2.827717706506501,58.30206267045108,"Transport, extracellular"
C160CPT1,2.5889056023630665,0,120.02839491818584,-271.1114985835969,Fatty acid oxidation
C161CPT2,1.0323099100534612,0,1.8197246586505613,-114.46161413711543,Fatty acid oxidation
C180CPT1,1.154021353045191,0,175.19905937452316,-12.527450639688572,Fatty acid oxidation
C204CPT2,-5.2385575263842314,0,-4.105292110792379,2.7891891195383285,Fatty acid oxidation
CDIPTr,1.3058656561394235,0,4.496344216608572,-33.89712280260967,Glycerophospholipid metabolism
CDSm,-0.9963812295953355,0,0.008176641526956137,4.510839826838264,Glycerophospholipid metabolism
CITtam,-1.5923344118218734,0,-483.480174520874,110.47260858644061,"Transport, mitochondrial"
CLI2tex,0.9392673923402126,0,388.0164688892365,12.15162595094671,"Transport, extracellular"
CSBPASEly,-0.8483427898264484,0,0.2843966878019065,3.4661231519927505,Chondroitin sulfate degradation
CSCPASEly,-0.9027580281434714,0,0.3779352974491838,7.3951546601833424,Chondroitin sulfate degradation
CSDPASEly,-0.915770155038201,0,0.35254580959780946,8.01849677649981,Chondroitin sulfate degradation
CSNAT2x,-1.147070900158369,0,-190.16884312200546,13.02625960696782,Fatty acid oxidation
CSPG_Btly,-0.8483427898264484,0,0.2843966878019065,3.4661231519927505,"Transport, lysosomal"
CSPG_Ctly,-0.9027580281434714,0,0.3779352974491838,7.3951546601833424,"Transport, lysosomal"
CSPG_Dtly,-0.915770155038201,0,0.35254580959780946,8.01849677649981,"Transport, lysosomal"
CYTK10,0.8903038439588752,0,574.5056905975342,33.33911957260575,Nucleotide interconversion
CYTK12,-1.5607931208316195,0,-92.94064780920982,424.40208824694156,Nucleotide interconversion
CYTK14,1.9350999743148263,0,28.617753597652666,-89.8256551776344,Nucleotide interconversion
CYTK1m,-0.9963812295953355,0,0.008176641526956137,4.510839826838264,Nucleotide interconversion
CYTK5,0.9277436773819905,0,334.8228748268127,12.549941129222884,Nucleotide interconversion
CYTK5n,1.269848572988137,0,459.08473055915834,-54.57780791911874,Nucleotide interconversion
CYTK6,-1.541232406408684,0,-65.16258572768402,13.878346188355168,Nucleotide interconversion
CYTK7,-39.08876710965419,0,-528.3893281215668,502.0283613861084,Nucleotide interconversion
CYTK7n,-1.8422194705932105,0,-288.2178334013641,85.40602637281744,Nucleotide interconversion
CYTK8,-1.449303934958565,0,-82.83783990737331,451.57638618791106,Nucleotide interconversion
CYTK9,1.6473656705242194,0,179.30385384105296,-733.2530729766846,Nucleotide interconversion
DGCHOLtx,0.8539117547931565,0,84.73036992259026,6.676753100958117,"Transport, peroxisomal"
DLNLCGt,1.8402846357417935,0,2.253154197006649,-7.615989839044993,"Transport, extracellular"
EICOSTETt,-0.9744270858218395,0,-4.897732720300913,-0.06343576798719297,"Transport, extracellular"
EX_34dhoxpeg[e],-1.5379556944958022,0,-125.55927711667745,26.614069058881597,Exchange/demand reaction
EX_5fthf[e],0.8443798018675818,0,-20.933630679169205,-248.10124950208663,Exchange/demand reaction
EX_amp[e],-2.310285505641944,0,-340.4872152309418,134.7725029194953,Exchange/demand reaction
EX_gsn[e],-1.3279606629148213,0,-370.1501006135225,52.14635896089468,Exchange/demand reaction
EX_lpchol_hs[e],-0.9376965197492928,0,14.506741601789715,451.17323465042114,Exchange/demand reaction
EX_tststerone[e],0.8577664779406253,0,-37.53606957650611,-490.2729733695984,Exchange/demand reaction
FRUt1r,0.8621744084676246,0,-37.46144687638721,-506.14509904708865,"Transport, extracellular"
FUMm,-1.8989637688293732,0,-128.82289089431913,39.947760905137564,Citric acid cycle
G6PDH1rer,3.227345149733588,0,94.00838831653105,-178.42133915872574,Pentose phosphate pathway
GHMT2rm,-0.9286230075165836,0,4.311395192553647,116.4949050604403,"Glycine, serine, alanine, and threonine metabolism"
GLCAASE5ly,-0.9027580281434714,0,0.3779352974491838,7.3951546601833424,Chondroitin sulfate degradation
GLCAASE6ly,-0.915770155038201,0,0.35254580959780946,8.01849677649981,Chondroitin sulfate degradation
GLCt1r,6.7044251768430705,0,531.2910633180127,-393.3726460128784,"Transport, extracellular"
GLNALANaEx,-0.8512016510853121,0,9.123440360725874,113.50480689162389,"Transport, extracellular"
GTHOm,-0.9274133801821702,0,13.414872735306341,356.20897168598174,Glutamate metabolism
HPDCACRNCPT1,3.318738615161085,0,3.3527840993269495,-6.244687548387359,Fatty acid oxidation
HPDCACRNCPT2,3.3187386151610587,0,3.3527840993269322,-6.244687548387359,Fatty acid oxidation
Htg,2.7461669810059677,0,323.47130548210146,-693.9642869674683,"Transport, golgi apparatus"
IDOAASE4ly,-0.8483427898264484,0,0.2843966878019065,3.4661231519927505,Chondroitin sulfate degradation
ILEtec,-5.59767375831296,0,-509.8395447250366,355.2882397040367,"Transport, extracellular"
KCC2t,-1.3153511694460096,0,-65.8903016474179,483.77555486001967,"Transport, extracellular"
LDH_Lm,0.9152637557042412,0,351.9164641084433,15.569698630582542,Pyruvate metabolism
LEUt5m,1.2508232131125736,0,86.14519807067961,-9.59969456882719,"Transport, mitochondrial"
LEUTAm,1.2508232131125736,0,86.14519807067961,-9.59969456882719,"Valine, leucine, and isoleucine metabolism"
LINKDEG3ly,-0.9095050656227944,0,0.7304811075115123,15.413651435127482,Chondroitin sulfate degradation
L_LACtm,0.9350104735529279,0,320.32348893167375,10.758428515024768,"Transport, mitochondrial"
LNLNCGCPT2,-1.5645972641519013,0,-9.616041360540514,2.1169759166564908,Fatty acid oxidation
LTA4H,-0.9320695992324816,0,12.05158312225394,342.7699102323532,Eicosanoid metabolism
MANt1r,0.906134346534014,0,213.30554505659808,10.504015318260564,"Transport, extracellular"
NACHEXA4ly,-0.8236634961501466,0,0.3779352974491838,3.9085883570175852,Chondroitin sulfate degradation
NACHEXA5ly,-0.8956899725588575,0,0.35254580959780946,6.407030776588698,Chondroitin sulfate degradation
NACHEXA6ly,-0.8821095951458325,0,0.35254580959780946,5.628361797495659,Chondroitin sulfate degradation
NDPK3m,-0.9963812295953355,0,0.008176641526956137,4.510839826838264,Nucleotide interconversion
OCDCEAtr,1.0095425536675262,0,458.32060355148315,-2.176390317458578,"Transport, extracellular"
ORNt3m,1.1160427939609463,0,23.27541159497462,-424.4276210601807,"Transport, mitochondrial"
ORNTArm,-1.2055256580558724,0,-38.737908892053646,415.70212113189694,Urea cycle
PGPP_hs,-0.9992980924677157,0,0.015290304140906392,43.55256853089537,Glycerophospholipid metabolism
PGPPT,-0.9989229426041027,0,0.02346694564694608,43.55256853089537,Glycerophospholipid metabolism
PHEtec,-3.5527485820442366,0,-160.8513260265721,286.87339271812436,"Transport, extracellular"
PIter,7.893678387490685,0,56.42743006708883,-43.73809555135993,"Transport, endoplasmic reticular"
PRISTANALtx,-0.994880252809995,0,1.9336143953826157,753.4218059494018,"Transport, peroxisomal"
PROSTGE2t,1.4134170789048497,0,53.64547381209247,-313.16776521911623,"Transport, extracellular"
S2TASE3ly,-0.8483427898264484,0,0.2843966878019065,3.4661231519927505,Chondroitin sulfate degradation
S2TASE4ly,-0.915770155038201,0,0.35254580959780946,8.01849677649981,Chondroitin sulfate degradation
S2TASE5ly,-0.915770155038201,0,0.35254580959780946,8.01849677649981,Chondroitin sulfate degradation
SCP2x,0.8539117549294271,0,12.104338564950227,0.9538218709665344,Bile acid synthesis
SERTHRNaEx,0.820778666112349,0,165.05000935644117,16.246061855606907,"Transport, extracellular"
THBPT4ACAMDASE,-0.9619621345220588,0,5.270955951682629,271.8716168743014,Tetrahydrobiopterin metabolism
TMNDNCCPT2,-3.0680524514572607,0,-72.60592976342859,36.91025935120485,Fatty acid oxidation
TSTSTERONEt,-0.8577664779406253,0,37.53606957650611,490.2729733695984,"Transport, extracellular"
TTDCPT2,-1.0413600605393882,0,-3.6418614644881337,179.74709037342072,Fatty acid oxidation
UDPACGALtl,1.1619299958469187,0,3.328778999811347,-0.2493277629942873,"Transport, lysosomal"
UDPGLCAter,1.569000155835119,0,16.970861424739613,-3.758825305401347,"Transport, endoplasmic reticular"
UDPtl,-1.1619299958469187,0,-3.328778999811347,0.2493277629942873,"Transport, lysosomal"
UMPK2,-1.7023222045958688,0,-73.90706812543124,284.3719164295197,Nucleotide interconversion
UMPK3,4.084367086516805,0,289.01229228520396,-175.32565740329957,Nucleotide interconversion
UMPK3n,3.157739287999208,0,148.35207855323515,-285.8590325938195,Nucleotide interconversion
UMPK4n,-2.1751887461966675,0,-420.1097040267944,155.48940104164816,Nucleotide interconversion
VALtec,-2.7939446550764186,0,-223.5704828379631,105.71400196451721,"Transport, extracellular"
EX_prpp[e],2.0278841620248667,0,343.2095238822937,-116.5102807693895,Exchange/demand reaction
r0051,2.0278841620248667,0,343.2095238822937,-116.5102807693895,Purine catabolism
r0074,0.8921267205862011,0,-29.694451195031288,-520.8487668548107,Urea cycle
r0309,1.4038861530376363,0,40.816326599236575,-242.934306095469,Fatty acid oxidation
r0317,-0.8787420154577068,0,-648.470300737381,-41.853645181716374,Miscellaneous
r0409,1.1746821085943826,0,232.39562770637272,-18.66726089088181,Miscellaneous
r0426,0.8787420154577068,0,648.470300737381,41.853645181716374,Miscellaneous
r0456,0.874424936733482,0,51.340502592277524,3.4395012223830475,Nucleotide interconversion
r0480,1.0295950616589546,0,5.053269152897066,-346.54734753189086,Glycerophospholipid metabolism
r0488,-3.108163718382757,0,-42.73761677012481,83.28249134268435,Cholesterol metabolism
r0643,-3.162732848802644,0,-349.27134700698855,672.2620919807434,"Valine, leucine, and isoleucine metabolism"
r0660,1.483203524393965,0,71.14816280695395,-13.844633629402612,Fatty acid oxidation
r0788,1.0295950616589546,0,5.053269152897067,-346.54734753189086,Sphingolipid metabolism
r0789,1.0295950616589546,0,5.053269152897066,-346.54734753189086,Sphingolipid metabolism
r0791,-6.010816027784594,0,-15.503773030564155,21.691896060664206,Fatty acid oxidation
r0913,-0.8278838638643412,0,35.397092466115346,375.9192810111046,"Transport, mitochondrial"
r0917,3.937986366205455,0,171.4529410087235,-288.16753368408905,"Transport, mitochondrial"
r1090,-0.9753630384980972,0,7.271022674644259,582.9821766967773,"Transport, extracellular"
r1147,-16.83706982246424,0,-238.2198930085838,268.30372741470336,"Transport, peroxisomal"
r1154,-1.0444025314553362,0,-5.564413196489123,256.1993663899243,Propanoate metabolism
r1167,-0.8675383046782011,0,22.208622602023848,313.11280821721556,Miscellaneous
r1177,-0.8675383046782011,0,22.208622602023848,313.11280821721556,Miscellaneous
r1435,-0.9286230075165836,0,4.311395192553647,116.4949050604403,"Transport, mitochondrial"
r2080,-1.2138535908496995,0,-661.9149574687958,63.939589807065204,"Transport, extracellular"
r2081,-1.1929860178609815,0,-116.31398314718045,10.235802803256457,"Transport, extracellular"
r2082,4.368865456417632,0,459.8957877883911,-288.5762449458122,"Transport, extracellular"
r2083,0.8783412185754023,0,286.45726050117014,18.55362641151664,"Transport, extracellular"
r2086,-1.681033298658161,0,-23.846982571051456,93.87874935260862,"Transport, extracellular"
r2089,10.324913726144604,0,306.4004591618776,-372.11698333792685,"Transport, extracellular"
r2091,0.831181056353013,0,192.96019859268665,17.789249609870556,"Transport, extracellular"
r2092,-1.3721452246821455,0,-45.11266392161194,287.5592193497695,"Transport, extracellular"
r2093,-2.766824903062184,0,-191.43465730872154,408.1337280281067,"Transport, extracellular"
r2098,2.0903846280587874,0,411.66245124907493,-145.24742477539033,"Transport, extracellular"
r2099,0.9568911610134954,0,-9.630881023136828,-437.1861175117493,"Transport, extracellular"
r2100,3.5853907071374,0,34.428178096397595,-61.061040975770446,"Transport, extracellular"
r2101,1.485734187142745,0,115.3932466060916,-590.522441381836,"Transport, extracellular"
r2102,2.7986815462811645,0,440.4316472625732,-208.54506140556856,"Transport, extracellular"
r2103,1.36476429966015,0,56.26818544309102,-364.7862366641998,"Transport, extracellular"
r2106,-1.5584244286356068,0,-433.32731049461364,94.58186572436914,"Transport, extracellular"
r2107,-2.027988784854462,0,-431.66549189567564,146.54852313092948,"Transport, extracellular"
r2108,-0.8747607343698953,0,46.10192510775216,690.1196564514161,"Transport, extracellular"
r2109,-27.652354220679968,0,-407.3017616405666,437.86579799308777,"Transport, extracellular"
r2111,1.9433619833046765,0,227.801942714715,-73.01164236643841,"Transport, extracellular"
r2112,2.2216375533030956,0,137.04406511535169,-361.4053165271282,"Transport, extracellular"
r2113,1.1360150738129196,0,383.6970619819641,-24.432685352785164,"Transport, extracellular"
r2114,-1.0391659097071924,0,-14.5601110508276,758.0695129608155,"Transport, extracellular"
r2115,7.851580758738666,0,463.8556223527908,-359.0482133722305,"Transport, extracellular"
r2116,-7.517362736156355,0,-42.835108241309044,55.9800289632056,"Transport, extracellular"
r2117,-1.5304329688276106,0,-513.3280307106018,107.60455410854443,"Transport, extracellular"
r2118,4.039984875245974,0,140.05971260934732,-232.20471882291585,"Transport, extracellular"
r2121,0.8695092920465549,0,-40.243222358353066,-576.555061435318,"Transport, extracellular"
r2122,-1.9796427434036692,0,-36.962492151761424,112.42365878754742,"Transport, extracellular"
r2123,-1.209402326052931,0,-37.521851368966324,395.8927642066956,"Transport, extracellular"
r2124,-0.931584466031199,0,15.524176382564972,438.29604490356445,"Transport, extracellular"
r2126,-3.2050922397149493,0,-41.14264264940079,78.45867134733795,"Transport, extracellular"
r2127,4.150570879246034,0,413.99791761398313,-253.23984736504553,"Transport, extracellular"
r2128,0.8212378444003786,0,-34.41102397885993,-350.58124536847623,"Transport, extracellular"
r2129,-1.3746982760976498,0,-42.604012598377466,6.722390897460752,"Transport, extracellular"
r2132,-5.228075610656127,0,-42.768196034365516,62.99876898181979,"Transport, extracellular"
r2370,-0.9803004964493032,0,5.6667148108633265,569.6487794380188,"Transport, extracellular"
r2373,-1.085103755081631,0,-12.121229899641294,296.9789283176422,"Transport, mitochondrial"
r2376,0.8886922880947428,0,99.00503677562918,5.834737707171877,"Transport, mitochondrial"
r2537,-4.302607822113539,0,-237.0831905146599,380.6565139514923,"Transport, endoplasmic reticular"
RE1521M,1.8555976534714886,0,20.690376803889006,-6.199275945379642,Fatty acid oxidation
RE1526M,1.8555976534714886,0,20.690376803889006,-6.199275945379642,Fatty acid oxidation
RE1533M,1.8555976534714886,0,20.690376803889006,-6.199275945379642,Fatty acid oxidation
RE1573M,1.8555976534714886,0,20.690376803889006,-6.199275945379642,Fatty acid oxidation
RE2112C,-0.9323183256089947,0,33.754347599391544,963.6898765014648,Bile acid synthesis
RE3010X,1.0446538730275152,0,12.05158312225394,-551.8293137046813,Eicosanoid metabolism
RE3269C,-1.4016536835245355,0,-1.5542034638076012,9.293226047489005,Phosphatidylinositol phosphate metabolism
RE3430X,1.0446538730275152,0,12.05158312225394,-551.8293137046813,Eicosanoid metabolism
RE3432X,1.0446538730275152,0,12.05158312225394,-551.8293137046813,Eicosanoid metabolism
ADPCOACROT,1.5322845987980058,0,1.39709798806249,-6.646537822381906,Fatty acid oxidation
C10DCCACT,1.5784888269304864,0,2.1413178603258545,-9.544461225040013,Fatty acid oxidation
C2tcx,1.8284255709032322,0,13.672120691022254,-46.679601800316235,"Transport, peroxisomal"
C6DCCACT,1.5322845987980056,0,1.39709798806249,-6.646537822381908,Fatty acid oxidation
SEBCOACROT,1.57848882693235,0,2.1413178603258545,-9.544461225016164,Fatty acid oxidation
SUBERCACT,1.6836490582353134,0,1.8422215971234739,-7.231599597230007,Fatty acid oxidation
SUBERCROT,1.6836490582353134,0,1.8422215971234739,-7.231599597230007,Fatty acid oxidation
OCDEAFABP1tc,0.8964076228357822,0,-8.442156734735786,-154.545834579587,"Transport, endoplasmic reticular"
CHOLESTle,-0.9802163087022125,0,3.9170588819645666,392.0716191664696,"Transport, extracellular"
5MTAte,0.9696163533910027,0,-0.4010597855661532,-25.998653897740763,"Transport, extracellular"
EX_5mta[e],-0.9696163533910023,0,0.4010597855661532,25.998653897740382,Exchange/demand reaction
LKYNRtr,8.224891129268144,0,267.60401385605337,-341.682365783596,"Transport, extracellular"
LKYNRtr2,-1.0146544923320984,0,-2.485379814974026,341.682365783596,"Transport, extracellular"
CRTNtr,0.8378630809472467,0,-15.739797162387386,-178.41459104658367,"Transport, extracellular"
EX_forglu[e],-0.8443798018675818,0,20.933630679169205,248.10124950208663,Exchange/demand reaction
EX_hxcoa[e],-0.8776804734520127,0,9.393965550355572,144.20318799438476,Exchange/demand reaction
EX_sebacid[e],4.638697905341104,0,3.119512917688831,-4.834144359397591,Exchange/demand reaction
FORGLUt,-0.8443798018675818,0,20.933630679169205,248.10124950208663,"Transport, extracellular"
HXCOAte,-0.8776804734520036,0,9.393965550356317,144.20318799438476,"Transport, extracellular"
SEBACIDtd,4.6386979053803055,0,3.1195129177007517,-4.834144359397591,"Transport, extracellular"
sink_dgchol[c],-1.0553646681686129,0,-247.86859337801337,6.676753100958117,Exchange/demand reaction
sink_hdca[c],-95.49355369751078,0,-80.1323787333834,78.47149309568405,Exchange/demand reaction
ACACt2,4.0847200962005195,0,130.81642751209958,-215.6321796273255,"Transport, extracellular"
ASPTA,14.621187506822066,0,76.93070460413664,-88.22644582576015,Alanine and aspartate metabolism
BUTt2r,2.8494419604584738,0,240.87044871694053,-501.3495054992676,"Transport, extracellular"
DTMPK,-0.9277109425744028,0,4.540228893585171,121.07294287195205,Nucleotide interconversion
EX_gal[e],-0.8232294261294476,0,41.78771636762079,431.0026972475052,Exchange/demand reaction
EX_so4[e],1.3376125371161267,0,44.91973293604994,-311.0220129032135,Exchange/demand reaction
FUM,-1.675356283083944,0,-142.38572080645636,35.943284180912705,Citric acid cycle
GK1,-2.1629566102997964,0,-41.72871035864522,15.342821774046508,Nucleotide interconversion
L_LACt2r,10.1017488138318,0,274.5359596283227,-225.0778131268859,"Transport, extracellular"
MTHFD,-0.9698791435959564,0,2.0941132366711233,136.95327695572675,Folate metabolism
NDPK4,-0.8894694062302735,0,4.540228893585171,77.61311415357218,Nucleotide interconversion
NDPK5,1.1730789932281074,0,30.324480116174147,-380.7365035580754,Nucleotide interconversion
NDPK7,2.0576984637255658,0,74.21620485647246,-214.55148452598863,Nucleotide interconversion
NDPK9,-153.1303265170351,0,-23.21258666515022,23.517753783325713,Nucleotide interconversion
PGMT,1.3424783164623597,0,877.0165996795654,-128.2228170297034,Glycolysis/gluconeogenesis
PUNP6,-0.9297429478397246,0,12.282275933833729,337.355961258769,Purine catabolism
TPI,1.8664043218389101,0,359.52072634277346,-108.66935579214096,Glycolysis/gluconeogenesis
UAG4E,-1.4384949888195449,0,-7.79329486673472,43.3389456287411,Aminosugar metabolism
r0570,-1.0281403505421551,0,-12.198978889710135,879.2087108001709,Pentose phosphate pathway
EX_xyl_D[e],3.1584091401224277,0,654.8229323230744,-339.8837763823986,Exchange/demand reaction
LDH_L,1.3063945878600847,0,40.719680574900245,-306.51863517977,Glycolysis/gluconeogenesis
XYLt,-3.1584091401224277,0,-654.8229323230744,339.8837763823986,"Transport, extracellular"
GLNt4,-0.92329680615166565,0,17.89734104414467,448.76747814273836,"Transport, extracellular"
EX_phpyr[e],-1.3446098373878108,0,-24.277481604151077,165.1758482217595,Exchange/demand reaction
PHPYRte,1.3446098373878108,0,24.277481604151077,-165.1758482217595,"Transport, extracellular"
CE4890te2,-0.8701536248612707,0,-778.2603427597046,-54.03528516491205,"Transport, extracellular"
AMETAMte,2.16714864471545,0,18.28061982846139,-49.60588402892351,"Transport, extracellular"
EX_ametam[e],2.16714864471545,0,18.28061982846139,-49.60588402892351,Exchange/demand reaction
NEU31e,-0.8508879639221,0,3.9132932229714164,48.57466584328413,Sphingolipid metabolism
EX_gm2_hs[e],-1.2928256909692177,0,-4.5233420170880025,35.41777619133198,Miscellaneous
HMR_0176,-1.4975616526324205,0,-8.051929043662122,1.6040969870036448,"Transport, extracellular"
HMR_0962,-0.8452537972860863,0,5.459915123739154,65.10614760328158,"Transport, mitochondrial"
HMR_0963,-0.8452537972860863,0,5.459915123739154,65.10614760328158,Arachidonic acid metabolism
HMR_1104,1.0446538730275152,0,12.05158312225394,-551.8293137046813,"Transport, peroxisomal"
HMR_1283,-1.0446538730275152,0,-12.05158312225394,551.8293137046813,"Transport, peroxisomal"
HMR_1329,-4.081288177964824,0,-42.36158779998833,69.85761241912535,Eicosanoid metabolism
HMR_1620,0.9194872407677995,0,269.3162563844681,11.29645170182371,"Transport, mitochondrial"
HMR_2608,16.651207683835832,0,142.7012052633047,-160.93637383891345,Fatty acid oxidation
HMR_2609,16.651207683835832,0,142.7012052633047,-160.93637383891345,"Transport, mitochondrial"
HMR_2610,-16.651207683835832,0,-142.7012052633047,160.93637383891345,"Transport, mitochondrial"
HMR_2612,7.385952496224235,0,237.8731597744465,-181.14182010097502,"Transport, mitochondrial"
HMR_2620,1.540096591247717,0,0.41714208258813745,-1.9618364552168075,Fatty acid oxidation
HMR_2621,-1.5400965912652331,0,-0.41714208260005836,1.9618364552227745,"Transport, mitochondrial"
HMR_2622,-1.5400965912673192,0,-0.41714208260005836,1.9618364552168075,"Transport, mitochondrial"
HMR_2635,-2.5891985567733165,0,-3.060971324763073,6.913191441270127,"Transport, mitochondrial"
HMR_2667,3.175017099002649,0,36.67299442050997,-70.39502303106785,"Transport, mitochondrial"
HMR_2673,3.382776726698906,0,312.24762278300824,-574.3348081111908,"Transport, mitochondrial"
HMR_2675,0.9644049129251052,0,-0.1383484093327566,-7.635106901601638,Fatty acid oxidation
HMR_2676,0.9644049129251052,0,-0.1383484093327566,-7.635106901601638,"Transport, mitochondrial"
HMR_2677,-0.9644049129251052,0,0.1383484093327566,7.635106901601638,"Transport, mitochondrial"
HMR_2684,-6.272193637786286,0,-0.8697022732303538,1.199622732523472,Fatty acid oxidation
HMR_2685,6.2721936375954215,0,0.8697022732303538,-1.1996227325354158,"Transport, mitochondrial"
HMR_2686,6.27219363778592,0,0.8697022732303538,-1.199622732523495,"Transport, mitochondrial"
HMR_2715,0.9100404032418911,0,406.399830509758,19.140728548552936,"Transport, mitochondrial"
HMR_2718,2.68569628581996,0,115.88944625610783,-253.3868676255055,"Transport, mitochondrial"
HMR_2821,0.8964076228357822,0,-16.88431346947157,-309.091669159174,"Transport, endoplasmic reticular"
HMR_2827,-0.8964076228357822,0,16.88431346947157,309.091669159174,"Transport, endoplasmic reticular"
HMR_2884,-4.758220254329709,0,-246.81576917738914,378.162924200058,"Transport, endoplasmic reticular"
HMR_2886,4.758220254329709,0,246.81576917738914,-378.162924200058,"Transport, endoplasmic reticular"
HMR_4124,-0.8329371788089851,0,0.3340961845327276,3.6655511595131567,Aminosugar metabolism
HMR_4592,-3.588085385882035,0,-650.9320336875916,367.18315852909086,Pentose phosphate pathway
HMR_6755,1.406834875190447,0,106.96672372335671,-18.08092202090906,Phenylalanine metabolism
HMR_7755,-0.8864469920310301,0,12.96274077526452,215.34897032985688,Glycerophospholipid metabolism
HMR_7758,-1.1022334627842862,0,-5.0343687419113605,103.5220577001527,"Transport, mitochondrial"
HMR_8476,-1.3851770932726974,0,-4.375766214143549,27.096568102772988,"Transport, nuclear"
HMR_9619,-0.8378630809472465,0,15.73979716238741,178.41459104658367,"Transport, extracellular"
HMR_9621,-0.9641355124908723,0,3.2226404982692234,176.48942132606507,"Transport, extracellular"
HMR_9726,-0.8443798018675818,0,20.933630679169205,248.10124950208663,Folate metabolism
CA24GSc,-0.8335100332779074,0,3.6762892135924026,40.48600219618268,Bile acid synthesis
CA24GSr,-0.8756855169953788,0,4.559488352336272,68.79460912907757,Bile acid synthesis
CA24Gtr,0.8756855169953788,0,-4.559488352336272,-68.79460912907757,"Transport, extracellular"
DM_ca24g[c],-0.8598361021485292,0,8.23577756693678,109.28061136317253,Exchange/demand reaction
ATVACIDMCTtu,23.87861360685777,0,184.59182142033876,-200.72844793034793,Drug metabolism
ATVACIDtu,0.8236687376511419,0,25.07248326025142,2.4242684716935,Drug metabolism
EX_C01601[e],1.4975616526324205,0,8.051929043662122,-1.6040969870036448,Exchange/demand reaction
