Reaction,fc,pval,OVCAR3_A1AKO,OVCAR3_P,subSystem
2HBO,3.073354240143211,0,616.4190221775054,-313.759844587376,Propanoate metabolism
ACETONEt2,-3.7197923511975053,0,-256.3262210998058,147.70863709326758,"Transport, extracellular"
ACETONEt2m,-3.7197923511975053,0,-256.3262210998058,147.70863709326758,"Transport, mitochondrial"
ADK3m,-1.1100117639027478,0,-770.2611624984742,40.15986574193514,Nucleotide interconversion
ADNtm,0.9054502318048,0,42.03588568389332,2.085849937695563,"Transport, mitochondrial"
ADRNCRNt,0.9693669968698622,0,555.4517896153748,8.639911421777935,Fatty acid oxidation
ALASERNaEx,-0.8921426696613376,0,26.690513420648454,468.23205395317075,"Transport, extracellular"
AMACR2p,-0.8526792049438142,0,10.876334294901724,136.7787783557415,Bile acid synthesis
AMETt2m,-1.0931500606829083,0,-564.2180370483399,25.109018878606864,"Transport, mitochondrial"
ANDRSTRNtr,-1.0550182382442843,0,-15.343489002581522,573.103587915802,"Transport, endoplasmic reticular"
BAAT3x,-0.8349538086974668,0,12.503828967090277,139.0153168963909,Bile acid synthesis
C160CPT1,-31.862989136092054,0,-121.17583489954023,113.80122668007928,Fatty acid oxidation
C161CPT2,2.042064010091303,0,94.66805953157908,-276.36142695395944,Fatty acid oxidation
C180CPT2,-11.95358414026952,0,-16.149885363704453,19.098670922274522,Fatty acid oxidation
C204CPT2,-5.627994649022086,0,-5.0129407946039155,7.179296278901275,Fatty acid oxidation
CDIPTr,-0.9811630015188003,0,-167.45182362267076,-1.5921404472202456,Glycerophospholipid metabolism
CHSTEROLt1,0.9108523926621508,0,357.87182870407105,16.69590879185676,"Transport, mitochondrial"
CITtam,-3.7321843085064472,0,-168.61650642635598,292.0463247599006,"Transport, mitochondrial"
CO2tp,-1.1622542037124688,0,-56.79617904459983,4.261949769351817,"Transport, peroxisomal"
COAtm,-15.227399191991658,0,-145.65442889782312,166.1296298719842,"Transport, mitochondrial"
CSNAT2m,-1.0729883558052267,0,-3.1674449869449486,89.96060403268207,Fatty acid oxidation
CSNAT2x,13.551130284186483,0,219.81114206289053,-189.5988990590915,Fatty acid oxidation
CYSSERNaEx,-0.8327669180591581,0,28.558494343260186,312.98271283681987,"Transport, extracellular"
CYTK10,4.016190404962255,0,436.29812501745226,-262.34215851911307,Nucleotide interconversion
CYTK11,-0.9071427347415377,0,31.449621016474115,645.9259387512207,Nucleotide interconversion
CYTK12,2.6440800000056246,0,326.4881097448587,-147.29988679456412,Nucleotide interconversion
CYTK12n,0.9706445877825123,0,-6.52456162871292,-437.9973262176514,Nucleotide interconversion
CYTK13n,-25.37145942614806,0,-150.87476177640147,163.2560278416194,Nucleotide interconversion
CYTK14,36.19098906254257,0,129.27002835511365,-136.61679704782478,Nucleotide interconversion
CYTK14n,7.860145638300698,0,374.22684399909974,-483.3285639129639,Nucleotide interconversion
CYTK4n,-2.3562877994434075,0,-148.24502214654908,366.8491004364014,Nucleotide interconversion
CYTK5,0.8745088932420326,0,-37.984805805564854,-567.3936435028077,Nucleotide interconversion
CYTK5n,1.770638485404813,0,499.53590735206603,-138.94327862513214,Nucleotide interconversion
CYTK6n,2.2673513333770967,0,136.34786931955432,-52.88707468341291,Nucleotide interconversion
CYTK7,-1.4859044754303432,0,-79.48388633693288,406.6423726486206,Nucleotide interconversion
CYTK7n,-3.6203810587599685,0,-589.4029618463517,334.27120784139635,Nucleotide interconversion
CYTK8,-1.01489543292589,0,-2.5994254558711307,351.622574874115,Nucleotide interconversion
D3AIBTm,-7.154170350272526,0,-221.99827319774627,294.1439112163349,Pyrimidine catabolism
DGCHOLtx,-0.8349538086974668,0,12.503828967090277,139.0153168963909,"Transport, peroxisomal"
DHCR242r,-0.8877273697964303,0,38.5429907723669,648.0533898857117,Cholesterol metabolism
DUDPtn,-1.0194670879556267,0,-44.04788750588475,0.424609098831448,"Transport, nuclear"
EICOSTETt,-1.6102963725025936,0,-1.99026213245843,8.512542854190793,"Transport, extracellular"
ELAIDCPT2,-0.8940896102715551,0,11.497075754050888,205.61242187936307,Fatty acid oxidation
EX_2hb[e],-3.073354240143211,0,-616.4190221775054,313.759844587376,Exchange/demand reaction
EX_bilirub[e],8.224109744473443,0,96.3459394883573,-75.45591494239345,Exchange/demand reaction
EX_gsn[e],-2.5982098457857985,0,-72.24679750484675,162.65644889743328,Exchange/demand reaction
EX_i[e],-98.9842316058291,0,-256.72277094757186,251.58750577976704,Exchange/demand reaction
EX_thyox_L[e],98.9842316058291,0,256.72277094757186,-251.58750577976704,Exchange/demand reaction
EX_tststerone[e],43.187732552531394,0,306.35374138782026,-320.8770979586601,Exchange/demand reaction
FADH2tru,-0.8851472269729872,0,39.643150964126086,650.6867369316101,"Transport, endoplasmic reticular"
FADtru,-0.8851472269729872,0,39.643150964126086,650.6867369316101,"Transport, endoplasmic reticular"
FRUt1r,2.9201212360836126,0,69.10058691062629,-141.07582015326022,"Transport, extracellular"
FUMtm,0.8910150155981877,0,-18.073954920495957,-313.6039366661072,"Transport, mitochondrial"
G6PDH1rer,-2.5996062186557305,0,-321.71753667373656,142.96601935144363,Pentose phosphate pathway
HIBDm,0.8488005848368997,0,250.08402429029942,20.45248066473522,"Valine, leucine, and isoleucine metabolism"
HISTAtu,-1.6171586461753018,0,-306.34926805582046,72.24097775135823,"Transport, extracellular"
ILEt5m,-0.9658518740640881,0,4.039708623950142,232.55943192811011,"Transport, mitochondrial"
ILETAm,-0.965851874064187,0,4.039708623938212,232.55943192811011,"Valine, leucine, and isoleucine metabolism"
IPDPtx,0.8500713465447675,0,8.633195879629813,0.6996289281846024,"Transport, peroxisomal"
ITCOAL1m,0.8777887463189441,0,-20.915014168298967,-321.3613889996529,C5-branched dibasic acid metabolism
ITCOALm,-0.8800749415604661,0,20.91501416829899,327.88638631372453,C5-branched dibasic acid metabolism
KCC2t,0.8970141718506196,0,332.14997324192524,18.031884300971775,"Transport, extracellular"
LALDO,-2.738983904390439,0,-37.26270632711556,80.11842941119683,Pyruvate metabolism
LEUt4,-0.8458659639390795,0,16.78954168962173,201.06683992080687,"Transport, extracellular"
LEUt5m,-3.2688269923606623,0,-25.363502478387048,47.721754177426384,"Transport, mitochondrial"
LEUTAm,-3.2688269923583873,0,-25.36350247837513,47.721754177426384,"Valine, leucine, and isoleucine metabolism"
LNLNCACPT1,-1.1475792202754893,0,-20.015398509178144,291.2649480299711,Fatty acid oxidation
LNLNCACPT2,-1.1475792202754893,0,-20.015398509178144,291.2649480299711,Fatty acid oxidation
LNLNCACRNt,-1.147579220275492,0,-20.01539850917852,291.2649480299711,Fatty acid oxidation
LNLNCGt,1.7519809087303384,0,6.215860345783938,-22.74782352096331,"Transport, extracellular"
LTA4H,-0.9243700455546247,0,8.680358745690187,220.86780928764344,Eicosanoid metabolism
MANt1r,2.7285818410146785,0,84.33413674043733,-181.91023610630035,"Transport, extracellular"
MDHm,-0.8851871333909619,0,25.33929333664323,416.06233846702577,Citric acid cycle
MECOALm,-0.8636315805448135,0,39.92259378039129,545.588244284439,C5-branched dibasic acid metabolism
MECOAS1m,0.8636315805448135,0,-39.92259378039129,-545.588244284439,C5-branched dibasic acid metabolism
METtec,-2.6666169134963043,0,-327.4195295264244,148.82463551323264,"Transport, extracellular"
NDPK6n,-1.019467087955644,0,-44.04788750588475,0.4246090988318203,Nucleotide interconversion
NICRNS,0.9211567864633549,0,101.55661947522164,4.167827577511183,NAD metabolism
OIVD3m,-0.8510865826653801,0,25.477681116727016,316.70345437459946,"Valine, leucine, and isoleucine metabolism"
ORNt3m,-2.982966111097266,0,-60.46838207177091,121.456193949515,"Transport, mitochondrial"
PGPP_hs,0.8296128382281283,0,182.40437504675984,16.986852687964266,Glycerophospholipid metabolism
PGPPT,0.8296128382281215,0,182.40437504675984,16.986852687965012,Glycerophospholipid metabolism
PPDOy,0.8602710791174139,0,338.44104556393626,25.421027402876785,Pyruvate metabolism
PPItr,-8.353121382255,0,-75.06194966250695,59.01127596871387,"Transport, endoplasmic reticular"
PROSTGE2t,-1.0124050352928948,0,-570.4723973315239,3.516553625344017,"Transport, extracellular"
PTDCAt,-1.23271632447486,0,-3.760013190855348,0.39190668342457363,"Transport, extracellular"
SBTR,-0.866411712349527,0,22.399934797702574,312.9578303427696,Fructose and mannose metabolism
SCP2x,-0.8349538087266143,0,1.78626128102949,19.859330989205837,Bile acid synthesis
SERCYSNaEx,-0.951675785751656,0,8.662710419205103,349.86191554517745,"Transport, extracellular"
SQLSr,0.978769481011425,0,362.53306431896686,3.8896724352530203,Cholesterol metabolism
TETPENT3CPT1,-14.904496619265423,0,-118.33159229916453,135.35221455386878,Fatty acid oxidation
TETPENT3CPT2,-14.904496619265437,0,-118.33159229916454,135.35221455386878,Fatty acid oxidation
TETPENT3CRNt,-14.904496619265437,0,-118.33159229916454,135.35221455386878,Fatty acid oxidation
TMNDNCCPT2,0.9894029715524534,0,-2.4529130793710827,-460.4906548297882,Fatty acid oxidation
TSTSTERONEt,-43.187732552531394,0,-306.35374138782026,320.8770979586601,"Transport, extracellular"
TTDCPT2,-12.415646873034362,0,-56.59798861359413,66.51385045534187,Fatty acid oxidation
UDPACGALtl,0.9509311639953535,0,-1.0496201816748012,-41.73191967696017,"Transport, lysosomal"
UDPGLCAter,-2.1319722482583914,0,-11.061118022725987,3.997761679848563,"Transport, endoplasmic reticular"
UDPtl,-0.9509311639953535,0,1.0496201816748012,41.73191967696017,"Transport, lysosomal"
UMPK2,-5.107255442416195,0,-171.45459554113484,254.9432404257454,Nucleotide interconversion
UMPK4,-2.4872629745747603,0,-268.0561115777969,114.32172817616434,Nucleotide interconversion
UMPK6,1.9246513328856145,0,236.6626594688773,-74.82274589848019,Nucleotide interconversion
UMPKn,0.8560772068646714,0,380.89392626781466,29.535041728866382,Nucleotide interconversion
URIDK2m,-1.1481891830628437,0,-109.27765766470432,7.538333655169468,Nucleotide interconversion
VALt5m,-1.4665012811849518,0,-9.806877770443482,51.85125434978837,"Transport, mitochondrial"
VALTAm,-1.4665012811849518,0,-9.806877770443482,51.85125434978837,"Valine, leucine, and isoleucine metabolism"
EX_prpp[e],-1.2870464828567125,0,-273.9784166742325,34.38694467930347,Exchange/demand reaction
EX_pydx5p[e],-1.251086986245767,0,-4.814788925644289,43.1663498538679,Exchange/demand reaction
r0051,-1.2870464828567125,0,-273.9784166742325,34.38694467930347,Purine catabolism
r0276,-1.6397795008166187,0,-85.84734319579992,20.80604473186159,Purine catabolism
r0309,-1.3438421934123594,0,-156.4270606670618,22.94788608208485,Fatty acid oxidation
r0409,2.228364017962833,0,118.50314209330122,-311.44780729088893,Miscellaneous
r0483,7.154170350272526,0,221.99827319774627,-294.1439112163349,Pyrimidine catabolism
r0488,0.836961498849368,0,501.67957512015107,44.526293031568024,Cholesterol metabolism
r0643,1.2287282512655433,0,63.97861950752735,-623.4077162940979,"Valine, leucine, and isoleucine metabolism"
r0688,-1.0288063368714013,0,-470.6227048997879,6.682213048279099,Bile acid synthesis
r0739,-1.0288063368714013,0,-470.6227048997879,6.682213048279099,Bile acid synthesis
r0783,-0.885946468663609,0,39.26919727273732,649.3407354949951,Cholesterol metabolism
r0871,1.2510869862440166,0,4.814788925614464,-43.1663498538679,"Transport, extracellular"
r0899,0.872008986533301,0,373.1825913078308,25.51484443355718,"Transport, extracellular"
r0913,-2.8965432954882915,0,-271.9387704623222,558.7118392440796,"Transport, mitochondrial"
r0915,3.0409016270808724,0,336.6073807333231,-666.4688265441895,"Transport, mitochondrial"
r0987,0.8570145692490372,0,50.29487190761492,3.8725780849328437,"Transport, lysosomal"
r1090,0.8612766769955501,0,563.9629845367432,42.032880029813676,"Transport, extracellular"
r1147,472.85404279459823,0,64.24125113481786,-63.970107511114875,"Transport, peroxisomal"
r1167,-0.9165182763019499,0,9.721829148806414,223.18733271684647,Miscellaneous
r1177,-0.9165182763019499,0,9.721829148806414,223.18733271684647,Miscellaneous
r1459,1.2298911012474922,0,321.0378445842743,-33.097465428832486,"Transport, nuclear"
r1536,-0.972815891255074,0,4.498281718017033,326.4510799274445,"Transport, extracellular"
r2079,-1.2166220587425316,0,-445.78201272947786,43.56458376247957,"Transport, extracellular"
r2080,1.0846279205406215,0,15.543618916566945,-382.8838257246971,"Transport, extracellular"
r2082,1.3268156518849248,0,448.134880273056,-62.94331607670255,"Transport, extracellular"
r2083,2.5562577534627997,0,107.5616558875452,-245.79281412365586,"Transport, extracellular"
r2084,-5.234348000816811,0,-500.5129212085724,339.94667718658445,"Transport, extracellular"
r2086,-101.48293337175627,0,-531.1939185112238,541.7667372116089,"Transport, extracellular"
r2087,2.5930798703896896,0,151.9822892106317,-67.38506638622042,"Transport, extracellular"
r2088,-3.573033958956848,0,-316.2278528333664,562.029391310978,"Transport, extracellular"
r2089,1.0299916981583366,0,12.092799346366899,-818.5025786476135,"Transport, extracellular"
r2090,-1.0044896064523468,0,-0.47910418635085206,213.90724825024606,"Transport, extracellular"
r2093,1.609053921230675,0,27.959560783759226,-119.77264927767516,"Transport, extracellular"
r2095,55.64960517688174,0,349.5625122180939,-362.3553772749111,"Transport, extracellular"
r2097,0.9804991218159598,0,-3.387546624246985,-344.0374864718914,"Transport, extracellular"
r2102,-4.085833564172803,0,-489.2536176399231,296.8550220246539,"Transport, extracellular"
r2103,4.920284764707991,0,68.37639580614045,-45.27737320042192,"Transport, extracellular"
r2104,0.9992832538563786,0,-0.06116929350456296,-170.62490707801282,"Transport, extracellular"
r2105,-1.2808131174697703,0,-10.000342918243632,81.2245293690078,"Transport, extracellular"
r2108,1.3728168296510224,0,130.5708296223022,-20.515280461766572,"Transport, extracellular"
r2110,-7.316649199503993,0,-425.19354962005616,559.8198478965044,"Transport, extracellular"
r2111,3.4167477428682296,0,253.00043061828615,-462.3730731415987,"Transport, extracellular"
r2112,2.139628209378308,0,399.27822540693285,-144.93076846011448,"Transport, extracellular"
r2113,-0.9853389820094556,0,-142.53324343096867,-1.052557001664769,"Transport, extracellular"
r2114,-1.019330411127972,0,-3.260683203533323,340.62373067798615,"Transport, extracellular"
r2123,-2.3772792246785768,0,-123.13852955198865,301.9527123924017,"Transport, extracellular"
r2124,-0.84420111714901,0,8.854184022845091,104.80752985880655,"Transport, extracellular"
r2126,-0.8956040891489319,0,-888.2984533325196,-48.920935903276316,"Transport, extracellular"
r2127,16.57631497006255,0,100.10155202958659,-88.71104700050763,"Transport, extracellular"
r2129,-2.050234752580164,0,-126.6411818336924,367.8085618362427,"Transport, extracellular"
r2371,-74.17646860575866,0,-359.8816935666799,369.71768867340086,"Transport, mitochondrial"
r2372,1.1276299821582327,0,291.29979338026044,-17.47417913057711,"Transport, mitochondrial"
r2373,1.2456492282436669,0,614.3868498930931,-67.20713708139267,"Transport, mitochondrial"
r2376,101.23055876582764,0,84.92094877727851,-86.61546090657198,"Transport, mitochondrial"
r2377,-1.3543155727896445,0,-263.6785119434893,39.68261692330316,"Transport, mitochondrial"
r2378,25.159704087903098,0,322.75405587215425,-349.4724341021061,"Transport, mitochondrial"
r2393,0.9810434491201787,0,333.1384779310703,3.1877930338838354,"Transport, mitochondrial"
r2520,3.010717538805286,0,115.34891374166831,-230.08299400458336,"Transport, mitochondrial"
RE1135C,-0.9756880251692689,0,6.102219419829757,495.890684267807,Steroid metabolism
RE1834M,-0.911765018741094,0,9.598667079863022,207.97189151067732,Bile acid synthesis
RE2112C,-0.9564779408670151,0,16.819426475185622,756.0955876693725,Bile acid synthesis
RE2759X,-1.2292999426649553,0,-0.1611911493757092,1.567132620641018,Fatty acid oxidation
RE2888C,1.4538899554597933,0,60.44348206590507,-326.77888490457536,Purine catabolism
RE3346C,-1.0448801544169837,0,-20.723683775478694,944.2358260437012,Bile acid synthesis
EX_crm_hs[e],-1.0534771027404117,0,-7.264756429002853,278.9607181293726,Exchange/demand reaction
EX_CE0074[e],1.4538899554597933,0,60.44348206590507,-326.77888490457536,Exchange/demand reaction
ADPCOACROT,1.182319012105278,0,1.0167136084735684,-12.16984126897755,Fatty acid oxidation
C10DCCACT,2.142233574873853,0,2.2151743865109697,-6.093845851330433,Fatty acid oxidation
C2tcx,2596.3211576493886,0,92.93450348338224,-93.00612044162224,"Transport, peroxisomal"
C4tcx,1.1784302113300666,0,15.02291638142674,-1.2304925495388062,"Transport, peroxisomal"
C4x,1.178430211330067,0,15.02291638142674,-1.2304925495388093,"Transport, peroxisomal"
C6DCCACT,1.182319012105278,0,1.0167136084735684,-12.16984126897755,Fatty acid oxidation
DCATDc,0.9271737710114211,0,83.55404194083465,3.157434935465653,Fatty acid oxidation
SEBCOACROT,2.142233574873853,0,2.2151743865109697,-6.093845851330433,Fatty acid oxidation
SUBERCACT,1.475640885937848,0,1.3120254337681647,-6.828899498036926,Fatty acid oxidation
SUBERCROT,1.4756408859399035,0,1.3120254337681647,-6.828899498013083,Fatty acid oxidation
OCDEAFABP1tc,0.9358947520230456,0,-3.599710628887098,-108.70655890402794,"Transport, endoplasmic reticular"
LKYNRtr2,0.9880756287860476,0,-0.6615738999251035,-110.30006727256938,"Transport, extracellular"
XOLEST182CEH,0.8570145692490372,0,50.29487190761492,3.8725780849328437,Cholesterol metabolism
XOLEST205CEH,0.8294626682557167,0,36.652687347981704,3.4166597712222617,Cholesterol metabolism
XOLEST226CEH,0.9540210235972186,0,266.00059829750063,6.259111383423643,Cholesterol metabolism
C02712te,4.857665721792359,0,365.6292130142212,-240.79135767059327,"Transport, extracellular"
EX_C02712[e],4.857665721792359,0,365.6292130142212,-240.79135767059327,Exchange/demand reaction
EX_sebacid[e],8.079777131014971,0,2.311701805781698,-2.9647454717057657,Exchange/demand reaction
EX_xolest182_hs[e],-0.8570145692490045,0,-50.29487190761492,-3.872578084933792,Exchange/demand reaction
EX_xolest205_hs[e],-0.8294626682546052,0,-36.652687347981704,-3.416659771246609,Exchange/demand reaction
EX_xolest226_hs[e],-0.9540210235971864,0,-266.00059829750063,-6.259111383428125,Exchange/demand reaction
pac,1.2802077986099212,0,12.422077399691835,-1.5265112962299652,"Transport, extracellular"
SEBACIDtd,8.079777131014971,0,2.311701805781698,-2.9647454717057657,"Transport, extracellular"
EX_pac[e],1.2802077986099212,0,12.422077399691835,-1.5265112962299652,Exchange/demand reaction
XOLEST182_HSte,0.8570145692490372,0,50.29487190761492,3.8725780849328437,"Transport, extracellular"
XOLEST205_HSte,0.8294626682557167,0,36.652687347981704,3.4166597712222617,"Transport, extracellular"
XOLEST226_HSte,0.9540210235972186,0,266.00059829750063,6.259111383423643,"Transport, extracellular"
XOLEST182tl,0.8570145692490372,0,50.29487190761492,3.8725780849328437,"Transport, lysosomal"
XOLEST205tl,0.8294626682557167,0,36.652687347981704,3.4166597712222617,"Transport, lysosomal"
TMNDNCtl,0.8294626682557167,0,36.652687347981704,3.4166597712222617,"Transport, lysosomal"
XOLEST226tl,0.9540210235972186,0,266.00059829750063,6.259111383423643,"Transport, lysosomal"
CRVNCtl,0.9540210235972186,0,266.00059829750063,6.259111383423643,"Transport, lysosomal"
PGPP_hsc,0.9966518511597607,0,3.94667576348618,0.006618108145714682,Glycerophospholipid metabolism
sink_dchac[c],-0.9564779408670151,0,16.819426475185622,756.0955876693725,Exchange/demand reaction
EX_ppi[e],0.8387270094432405,0,-26.14711546172425,-298.1119606731832,Exchange/demand reaction
EX_urea[e],3.1274452674208755,0,290.5350547225714,-149.75302811843977,Exchange/demand reaction
FBA,-1.6187505342388857,0,-97.57522762832642,412.9696304738998,Glycolysis/gluconeogenesis
GALU,2.481729783553548,0,212.11952669181824,-498.4329004880905,Galactose metabolism
GK1,-1.2058489681366835,0,-2.484269886307465,26.62109125388325,Nucleotide interconversion
L_LACt2r,-1.0338557339654417,0,-5.539556665131494,332.78436965816917,"Transport, extracellular"
MTHFC,-1.5201028852772716,0,-358.11301144080164,73.9079390741624,Folate metabolism
MTHFD,-1.0761215195814593,0,-19.169265983785177,522.8183284088135,Folate metabolism
NADK,-0.8411728069183514,0,5.078950309675462,58.8767264372468,NAD metabolism
NDPK1,-0.9536510351642824,0,-191.20449404925108,-4.536189018206484,Nucleotide interconversion
NDPK4,-2.6272634540006465,0,-88.24888172187954,196.71181254591866,Nucleotide interconversion
NDPK7,1.1766319738729105,0,586.1157764566422,-47.562834579418414,Nucleotide interconversion
NDPK8,-0.9660138272648436,0,-185.1486297925234,-3.200635329488223,Nucleotide interconversion
PGK,-0.9902779470694759,0,-140.7883188233895,-0.6877187629073855,Glycolysis/gluconeogenesis
PUNP6,0.8794713018878797,0,457.1927594184875,29.31933465738304,Purine catabolism
TPI,-3.427577149743921,0,-240.16276011657715,131.67780231952668,Glycolysis/gluconeogenesis
CYTK2,-2.489951079339038,0,-659.2312339416504,281.44299625294207,Nucleotide interconversion
TYRTA,-0.9986557110033903,0,-425.32571129460337,-0.2860726189712411,Tyrosine metabolism
AHC,-9.261835189119074,0,-180.2837084513426,145.14697021128535,Methionine and cysteine metabolism
2H3MVc,0.846048012848082,0,-49.27827056887522,-590.8988584245682,"Valine, leucine, and isoleucine metabolism"
2H3MVte,0.846048012848082,0,-49.27827056887522,-590.8988584245682,"Transport, extracellular"
EX_2h3mv[e],0.846048012848082,0,-49.27827056887522,-590.8988584245682,Exchange/demand reaction
APRGSTRNt1e,6.4233720729458765,0,605.1591188562393,-442.11754882320463,"Transport, extracellular"
AGRMte,2.84474329305322,0,14.790445318474667,-7.096592079847047,"Transport, extracellular"
AGRMtm,2.8447432930771432,0,14.790445318474667,-7.096592079894922,"Transport, mitochondrial"
EX_agm[e],2.844743293053386,0,14.790445318474667,-7.09659207984738,Exchange/demand reaction
AMETAMte,-1.6509471192884149,0,-8.413738201694906,34.264496127753205,"Transport, extracellular"
EX_ametam[e],-1.6509471192884297,0,-8.413738201695093,34.26449612775339,Exchange/demand reaction
34DHPEAR,-0.9205999143333745,0,11.967844507256569,289.4888707286835,Tyrosine metabolism
NEU33e,0.8428408662605982,0,91.60315525131226,7.811999826281463,Sphingolipid metabolism
NEU34e,0.8428408662605982,0,91.60315525131226,7.811999826281463,Sphingolipid metabolism
NEU36e,0.8428408662605982,0,91.60315525131226,7.811999826281463,Sphingolipid metabolism
TETPENT3COAtm,14.904496619265437,0,118.33159229916454,-135.35221455386878,"Transport, mitochondrial"
34DHPEt,0.9205999143333752,0,-11.967844507256476,-289.4888707286835,"Transport, extracellular"
EX_34dhpe[c],-0.9205999143333745,0,11.967844507256569,289.4888707286835,Exchange/demand reaction
EX_gm2_hs[e],-0.9413510219782019,0,-22.891246363668678,-0.6915535571235003,Miscellaneous
HMR_0260,-0.8487986762599528,0,4.030609827181135,49.28386821417201,Fatty acid oxidation
HMR_0402,-0.8690982595473504,0,2.4196690769903646,34.54957317484388,Fatty acid oxidation
HMR_0770,-0.8746931296808755,0,-606.9224268487931,-40.56746601928183,"Transport, extracellular"
HMR_0831,4.838406605635135,0,8.509271684174315,-12.943023789374385,"Transport, lysosomal"
HMR_1321,1.1539022568585338,0,17.929559295757556,-250.92886238249912,Eicosanoid metabolism
HMR_1666,-0.911765018741094,0,9.598667079863022,207.97189151067732,"Transport, mitochondrial"
HMR_1968,-0.9651482353995142,0,10.578536864685157,596.4803587722778,Androgen and estrogen synthesis and metabolism
HMR_1971,-0.9651482353995142,0,10.578536864685157,596.4803587722778,Androgen and estrogen synthesis and metabolism
HMR_2608,-1.8568134724821286,0,-171.9158402998589,51.56087701239537,Fatty acid oxidation
HMR_2609,-1.8568134724821286,0,-171.9158402998589,51.56087701239537,"Transport, mitochondrial"
HMR_2610,1.8568134724821286,0,171.9158402998589,-51.56087701239537,"Transport, mitochondrial"
HMR_2612,4.274245785913121,0,43.2367312861409,-69.64692411415614,"Transport, mitochondrial"
HMR_2711,-1.1577269060820603,0,-20.820630211539427,284.82923506817815,Fatty acid oxidation
HMR_2712,-1.2173216427361375,0,-27.32281682138704,278.7733072316885,"Transport, mitochondrial"
HMR_2713,1.2173216427361375,0,27.32281682138704,-278.7733072316885,"Transport, mitochondrial"
HMR_2718,-1.0308614230088557,0,-471.37167082214353,7.1630690123999825,"Transport, mitochondrial"
HMR_2727,-1.0118271858372305,0,-346.94866704974174,2.039651511851471,"Transport, mitochondrial"
HMR_2821,0.9358947520230456,0,-7.199421257774196,-217.4131178080559,"Transport, endoplasmic reticular"
HMR_2827,-0.9358947520230456,0,7.199421257774196,217.4131178080559,"Transport, endoplasmic reticular"
HMR_4790,-7.543117695849295,0,-11.239857092322278,14.675484453710693,"Transport, peroxisomal"
HMR_6826,-0.9658217102433426,0,3.0761345818731702,176.92904436503332,Phenylalanine metabolism
HMR_6834,0.9658217102433426,0,-3.0761345818731702,-176.92904436503332,Phenylalanine metabolism
HMR_6854,98.9842316058291,0,256.72277094757186,-251.58750577976704,Phenylalanine metabolism
HMR_7758,-1.0412069821225405,0,-3.9675774384223113,196.5357896226406,"Transport, mitochondrial"
HMR_7977,6.4233720729458765,0,605.1591188562393,-442.11754882320463,"Transport, extracellular"
HMR_8501,0.8300413694482276,0,308.9700113578081,28.694498872324147,Pyruvate metabolism
HMR_9621,0.9756584697062525,0,216.01037201668024,2.661402815735375,"Transport, extracellular"
HMR_9639,1.4538899554597933,0,60.44348206590507,-326.77888490457536,"Transport, extracellular"
ACMPdt,-1.2115073657220352,0,-0.156614246109417,1.6375484497459996,Drug metabolism
