Reaction,fc,pval,subSystem
10FTHFtm,0.8945530180773418,0,"Transport, mitochondrial"
34DHOXPEGOX,0.8248386406955573,0,Tyrosine metabolism
34DHOXPEGt,0.8248386406955573,0,"Transport, extracellular"
34DHPHAMT,0.9686315273615296,0,Tyrosine metabolism
AATAi,-2.9422058280226975,0,Lysine metabolism
ACNMLr,2.747388990575697,0,Aminosugar metabolism
ADK3m,-2.6804373335202647,0,Nucleotide interconversion
ADNtm,-0.837546052233102,0,"Transport, mitochondrial"
AHCYStr,0.8259661134912042,0,"Transport, endoplasmic reticular"
ALADGLNexR,-2.158979888979033,0,"Transport, extracellular"
ALAGLNexR,19.667734851028047,0,"Transport, extracellular"
ALAt4,0.8419343471611139,0,"Transport, extracellular"
AMETr,-0.8259661134912042,0,"Transport, endoplasmic reticular"
ARACHCOAtx,1.6629805934611481,0,"Transport, peroxisomal"
ARACHDCOAtx,-0.8890193224541352,0,"Transport, peroxisomal"
BILDGLCURt,-1.7700734919194479,0,"Transport, extracellular"
BILDGLCURtr,-1.7348457553102161,0,"Transport, endoplasmic reticular"
BILGLCURtr,0.9933567688626828,0,"Transport, endoplasmic reticular"
C161CPT2,-0.9664029687250894,0,Fatty acid oxidation
C161CRN2t,9.208794931581904,0,Fatty acid oxidation
C180CRNt,-0.8969899871857319,0,Fatty acid oxidation
C204CRNt,2.1987952230038137,0,Fatty acid oxidation
CERT2rt,-2.491940563947371,0,"Transport, endoplasmic reticular"
CHOLATEt,-1.548265586948624,0,"Transport, extracellular"
CITRtm,5.015803203553803,0,"Transport, mitochondrial"
CYSGLUexR,1.0716306165771203,0,"Transport, extracellular"
CYTDt,-1.2941434441882247,0,"Transport, extracellular"
CYTK10n,2.040652113868818,0,Nucleotide interconversion
CYTK11,2.117552289605554,0,Nucleotide interconversion
CYTK12,-1.07117656417026,0,Nucleotide interconversion
CYTK12n,-2.589706440390206,0,Nucleotide interconversion
CYTK13,-0.8545402175226597,0,Nucleotide interconversion
CYTK14n,5.517761573096033,0,Nucleotide interconversion
CYTK3n,1.7100533683661476,0,Nucleotide interconversion
CYTK4,2.387080870898717,0,Nucleotide interconversion
CYTK4n,-28.519587605216106,0,Nucleotide interconversion
CYTK6,0.9655499245437231,0,Nucleotide interconversion
CYTK7,1.8926821995707346,0,Nucleotide interconversion
CYTK7n,-4.0949792195517505,0,Nucleotide interconversion
CYTK8,-1.9221065127263899,0,Nucleotide interconversion
CYTK9,5.73717695251339,0,Nucleotide interconversion
D3AIBTm,0.8557767644983265,0,Pyrimidine catabolism
DALAt2r,1.0180639678448253,0,"Transport, extracellular"
DCSPTN1CRNt,-7.218366085363123,0,Fatty acid oxidation
DLNLCGCPT1,3.049288486201306,0,Fatty acid oxidation
DTDPtn,2.517926081098656,0,"Transport, nuclear"
DTTPtn,-2.517926081098656,0,"Transport, nuclear"
EICOSTETCRNt,-3.699550330889106,0,Fatty acid oxidation
EICOSTETt,-1.7187298177960093,0,"Transport, extracellular"
EX_34dhoxpeg[e],0.8248386406955573,0,Exchange/demand reaction
EX_4nph[e],2.318830795072187,0,Exchange/demand reaction
EX_ach[e],-6.637655078661523,0,Exchange/demand reaction
EX_amp[e],178.97234732894464,0,Exchange/demand reaction
EX_gd1c_hs[e],-3.4855614413133233,0,Exchange/demand reaction
EX_gq1b_hs[e],-0.8914438848306141,0,Exchange/demand reaction
EX_hista[e],0.893310966699167,0,Exchange/demand reaction
EX_i[e],-1.3911237628736994,0,Exchange/demand reaction
EX_inost[e],-4.161807535406223,0,Exchange/demand reaction
EX_ocdcea[e],-1.02908976065169,0,Exchange/demand reaction
EX_thyox_L[e],1.3911237628736994,0,Exchange/demand reaction
EX_triodthy[e],-4.061424151447727,0,Exchange/demand reaction
EX_whhdca[e],-4.455569339574334,0,Exchange/demand reaction
FATP2t,-1.2487328864816722,0,"Transport, extracellular"
FUMSO3tm,1.4874638200475379,0,"Transport, mitochondrial"
FUMtm,-1.6182418098122802,0,"Transport, mitochondrial"
FUMTSULtm,-4.1411576596863595,0,"Transport, mitochondrial"
G6PDH1rer,1.4397062259520637,0,Pentose phosphate pathway
GLXtm,-0.9834412227150281,0,"Transport, mitochondrial"
GQ1Bte,-1.217901540485609,0,"Transport, extracellular"
GTMLTe,0.9516359264942919,0,Glutathione metabolism
H2O2t,-1.6844008597014963,0,"Transport, extracellular"
H2Otn,0.969348874503338,0,"Transport, nuclear"
HSD11B2r,14.941635238829338,0,Steroid metabolism
HSD17B2r,-0.8494893221216598,0,Steroid metabolism
HSD3A2r,3.8599586628610147,0,Steroid metabolism
ICDHyp,-0.8401694966088876,0,Citric acid cycle
IDPtn,0.8243352138890514,0,"Transport, nuclear"
INSt,-1.756757411073093,0,"Transport, extracellular"
INSTt4,-98.50176854985249,0,"Transport, extracellular"
ITPtn,-0.8243352138890514,0,"Transport, nuclear"
LNELDCCRNt,1.6329279973087367,0,Fatty acid oxidation
LNLCCRNt,6.173943890790638,0,Fatty acid oxidation
LNLNCGCPT2,-3.011982660233087,0,Fatty acid oxidation
LNLNCGCRNt,-1.144029943408694,0,Fatty acid oxidation
MALSO4tm,1.0794763543932793,0,"Transport, mitochondrial"
MALTSULtm,11.607977352326271,0,"Transport, mitochondrial"
MECOALm,-0.859372624199492,0,C5-branched dibasic acid metabolism
MECOAS1m,0.859372624199492,0,C5-branched dibasic acid metabolism
METtec,1.47150076857074,0,"Transport, extracellular"
MTHFD2m,2.253676435123935,0,Folate metabolism
MTHFDm,-4.528676518219611,0,Folate metabolism
NAHCO3_HCLt,0.9466001325934987,0,"Transport, extracellular"
NCKt,19.325217861496576,0,"Transport, extracellular"
NDP8,-0.9363523576510411,0,Nucleotide interconversion
NDPK3n,0.8200238006065186,0,Nucleotide interconversion
NDPK4n,1.538175003572229,0,Nucleotide interconversion
NDPK9n,0.8243352138890514,0,Nucleotide interconversion
O2ter,-1.82197810571109,0,"Transport, endoplasmic reticular"
OCDCAtr,-0.821331071801448,0,"Transport, extracellular"
OCDCEAtr,-1.3537139840990824,0,"Transport, extracellular"
PHEtec,2.550548552740586,0,"Transport, extracellular"
PIter,17.38237669042686,0,"Transport, endoplasmic reticular"
PRGNLONEtr,0.8816240405017667,0,"Transport, endoplasmic reticular"
PROSTGE1t,6.4962326416319875,0,"Transport, extracellular"
PROSTGE2t,-1.4105380275501327,0,"Transport, extracellular"
PROSTGE2t2,0.9257802654171213,0,"Transport, extracellular"
SERt4,-0.9829665753478897,0,"Transport, extracellular"
SPODMm,-0.9638333995978425,0,ROS detoxification
SUCOASm,-1.0227467429236965,0,Citric acid cycle
THCHOLSTOICtm,5.402823915969325,0,"Transport, peroxisomal"
THFt2,-1.0556510011477442,0,"Transport, extracellular"
THYOXt,-5.673597634286477,0,"Transport, extracellular"
THYOXt2,11.196721969403328,0,"Transport, extracellular"
TMDPP,-1.242188665397444,0,Pyrimidine catabolism
TMNDNCCOAtx,-2.75414570442448,0,"Transport, peroxisomal"
TMNDNCCRNt,-1.008097178595139,0,Fatty acid oxidation
TRIODTHYt,-19.437099711475067,0,"Transport, extracellular"
TTDCPT2,-0.8584855920454589,0,Fatty acid oxidation
TTDCRNt,-5.552358837832742,0,Fatty acid oxidation
TYRt,-1.118541843341623,0,"Transport, extracellular"
UGT1A10r,-1.0123909182432935,0,Steroid metabolism
UMPK2,7.504931206819223,0,Nucleotide interconversion
UMPK3,-1.287137735494492,0,Nucleotide interconversion
UMPK4,-0.8803943848178116,0,Nucleotide interconversion
UMPK4n,1.9039625257520343,0,Nucleotide interconversion
UMPK5,1.7134959322884706,0,Nucleotide interconversion
UMPK6,-2.8093014594210874,0,Nucleotide interconversion
UMPK7,13.269456783734638,0,Nucleotide interconversion
UMPK7n,-0.8772508342565816,0,Nucleotide interconversion
URIDK2m,-1.1761415214315825,0,Nucleotide interconversion
URIt4,0.9400682273795722,0,"Transport, extracellular"
WHHDCAte,4.455569339578426,0,"Transport, extracellular"
EX_dgmp[e],-32.37284432692106,0,Exchange/demand reaction
EX_dgtp[e],32.37284432692106,0,Exchange/demand reaction
EX_dha[e],-6.849077256141181,0,Exchange/demand reaction
EX_HC01104[e],-2.391333060579326,0,Exchange/demand reaction
EX_prpp[e],-3.430570512098616,0,Exchange/demand reaction
r0051,-3.430570512098616,0,Purine catabolism
r0081,1.2368439091658379,0,Citric acid cycle
r0130,0.9030270907289917,0,Glutathione metabolism
r0242,-3.403506746633126,0,Miscellaneous
r0409,3.3635844767473064,0,Miscellaneous
r0410,-32.37284432692106,0,Pyrimidine catabolism
r0472,1.9377797543122819,0,Nucleotide interconversion
r0480,-0.8370094012679007,0,Glycerophospholipid metabolism
r0483,-1.3662373469010178,0,Pyrimidine catabolism
r0512,-0.8342071396746924,0,Folate metabolism
r0584,-0.9075726784301172,0,NAD metabolism
r0587,2.391333060579326,0,Miscellaneous
r0591,-1.8948748958236639,0,CoA synthesis
r0638,-5.073400213123388,0,Fatty acid oxidation
r0660,1.48750291335158,0,Fatty acid oxidation
r0722,-3.8002937738066715,0,Fatty acid oxidation
r0724,3.8002937738066715,0,Fatty acid oxidation
r0735,-2.4667970948805045,0,Fatty acid oxidation
r0788,-0.8370094012679007,0,Sphingolipid metabolism
r0789,-0.8370094012679007,0,Sphingolipid metabolism
r0819,2.096765416564069,0,"Transport, mitochondrial"
r0822,3.3755574674729623,0,"Transport, mitochondrial"
r0835,1.0306166748737804,0,"Transport, mitochondrial"
r0836,-4.105413140076025,0,"Transport, mitochondrial"
r0885,17.560616753780785,0,"Transport, mitochondrial"
r0915,-1.1473626445974663,0,"Transport, mitochondrial"
r0917,1.0522991699243132,0,"Transport, mitochondrial"
r0946,1.5341605534536862,0,"Transport, extracellular"
r0970,0.8329363166904504,0,"Transport, endoplasmic reticular"
r1147,-2.296032807102194,0,"Transport, peroxisomal"
r1497,0.8648122429500809,0,"Transport, extracellular"
r1527,0.8898814282441221,0,"Transport, extracellular"
r1536,-0.8459107123563642,0,"Transport, extracellular"
r1544,-1.5619512402930253,0,"Transport, extracellular"
r1548,-2.9975332423263388,0,"Transport, extracellular"
r1549,-0.9153500701090921,0,"Transport, extracellular"
r1551,1.3827975909549295,0,"Transport, extracellular"
r1552,1.3619254919570896,0,"Transport, extracellular"
r1559,-2.8628493572396403,0,"Transport, extracellular"
r1562,-3.856946287114717,0,"Transport, extracellular"
r1565,-2.746131916110173,0,"Transport, extracellular"
r1566,-6.521623794914318,0,"Transport, extracellular"
r1568,5.389618388303656,0,"Transport, extracellular"
r1569,-5.164091390296123,0,"Transport, extracellular"
r1571,1.8329713660922058,0,"Transport, extracellular"
r1576,3.2921663651371014,0,"Transport, extracellular"
r1578,-1.2566083537617747,0,"Transport, extracellular"
r1586,1.6832711910643816,0,"Transport, extracellular"
r1587,0.8898681444753819,0,"Transport, extracellular"
r1588,2.324184984570769,0,"Transport, extracellular"
r1590,1.515681716411501,0,"Transport, extracellular"
r1593,-1.8632872173246875,0,"Transport, extracellular"
r1594,-1.25812023804214,0,"Transport, extracellular"
r1599,2.0170129941598276,0,"Transport, extracellular"
r1600,-1.3424545475488978,0,"Transport, extracellular"
r1602,-1.694270099155734,0,"Transport, extracellular"
r1603,-4.614083791338331,0,"Transport, extracellular"
r1605,-5.639452187446543,0,"Transport, extracellular"
r1607,0.8642341708031602,0,"Transport, extracellular"
r1608,3.524381165770514,0,"Transport, extracellular"
r1609,-6.160035383640354,0,"Transport, extracellular"
r1611,1.5759565517296397,0,"Transport, extracellular"
r1612,2.784758955199143,0,"Transport, extracellular"
r1616,2.756679860993529,0,"Transport, extracellular"
r1619,7.43312740753671,0,"Transport, extracellular"
r1620,1.3411751027511554,0,"Transport, extracellular"
r1621,-3.7746039640009346,0,"Transport, extracellular"
r1622,-2.204626114219745,0,"Transport, extracellular"
r1623,-1.1129488788553923,0,"Transport, extracellular"
r1626,-1.3144021235586552,0,"Transport, extracellular"
r1627,1.9523346077351602,0,"Transport, extracellular"
r1628,0.8973422651912089,0,"Transport, extracellular"
r1629,-1.5098111717414573,0,"Transport, extracellular"
r1631,-1.9279367731245842,0,"Transport, extracellular"
r1632,1.056559047911093,0,"Transport, extracellular"
r1633,-1.585121051024768,0,"Transport, extracellular"
r1634,2.4917739461873145,0,"Transport, extracellular"
r1635,0.9485034369117534,0,"Transport, extracellular"
r1639,-1.5045189842162865,0,"Transport, extracellular"
r1641,-1.384146320278814,0,"Transport, extracellular"
r1643,-1.0645546238265526,0,"Transport, extracellular"
r1644,4.14698689566384,0,"Transport, extracellular"
r1645,1.9724066514721572,0,"Transport, extracellular"
r1646,2.055670953983905,0,"Transport, extracellular"
r1647,1.201912782012081,0,"Transport, extracellular"
r1648,7.504924653807725,0,"Transport, extracellular"
r1651,1.7359650303525374,0,"Transport, extracellular"
r1652,-3.422820266615581,0,"Transport, extracellular"
r1656,-3.25830158782428,0,"Transport, extracellular"
r1662,2.0568444517244084,0,"Transport, extracellular"
r1665,0.8911550013073695,0,"Transport, extracellular"
r1666,-6.864438754649102,0,"Transport, extracellular"
r1671,-3.0787665175886465,0,"Transport, extracellular"
r1685,0.8994567600031345,0,"Transport, extracellular"
r1700,0.990635693645432,0,"Transport, extracellular"
r1710,-0.8616213382046718,0,"Transport, extracellular"
r1713,0.831598095525106,0,"Transport, extracellular"
r1717,-0.8218300851685232,0,"Transport, extracellular"
r1728,0.9540604866717045,0,"Transport, extracellular"
r1745,-0.8574588773858239,0,"Transport, extracellular"
r1762,0.8993227325703804,0,"Transport, extracellular"
r1763,-0.870179301336837,0,"Transport, extracellular"
r1767,0.8336733231523453,0,"Transport, extracellular"
r1777,0.9524894610707931,0,"Transport, extracellular"
r1797,-0.8216355794677686,0,"Transport, extracellular"
r1806,0.9688353231461646,0,"Transport, extracellular"
r1807,-0.9208025044893635,0,"Transport, extracellular"
r1821,-0.9556653632109711,0,"Transport, extracellular"
r1831,-0.8251519776781848,0,"Transport, extracellular"
r1835,-0.9045247112861555,0,"Transport, extracellular"
r1842,-0.871384773821215,0,"Transport, extracellular"
r1844,0.9425684012082849,0,"Transport, extracellular"
r1855,-0.8276785672776376,0,"Transport, extracellular"
r1860,-0.8762027069375693,0,"Transport, extracellular"
r1866,-0.8402818971031671,0,"Transport, extracellular"
r1874,-0.8366281461668122,0,"Transport, extracellular"
r1883,-0.8334951312042973,0,"Transport, extracellular"
r1884,-0.9094332977596516,0,"Transport, extracellular"
r1885,-0.9657632896677952,0,"Transport, extracellular"
r1894,-0.9148944434819906,0,"Transport, extracellular"
r1898,0.878627759832737,0,"Transport, extracellular"
r1900,-0.8883895756568713,0,"Transport, extracellular"
r1913,-0.8502930335047956,0,"Transport, extracellular"
r1923,-0.8223780841338597,0,"Transport, extracellular"
r1924,-0.9782628632656614,0,"Transport, extracellular"
r1933,0.9811014113720211,0,"Transport, extracellular"
r1934,0.9591519206071132,0,"Transport, extracellular"
r1937,-0.9142898726157817,0,"Transport, extracellular"
r1940,-0.8517831105621331,0,"Transport, extracellular"
r1942,0.822876077465825,0,"Transport, extracellular"
r1943,-0.8451789196221987,0,"Transport, extracellular"
r1946,-0.8540387014051649,0,"Transport, extracellular"
r1947,0.9888351515649709,0,"Transport, extracellular"
r1950,0.9778847973162583,0,"Transport, extracellular"
r1953,0.8793983423579584,0,"Transport, extracellular"
r1954,-0.8343803157283235,0,"Transport, extracellular"
r1956,0.8276799986187487,0,"Transport, extracellular"
r1957,-0.8958930391361573,0,"Transport, extracellular"
r1960,-0.9176437297517525,0,"Transport, extracellular"
r1961,-0.9841829765696077,0,"Transport, extracellular"
r1962,0.9532162629708008,0,"Transport, extracellular"
r1964,0.984434859359522,0,"Transport, extracellular"
r1969,0.9244026993732846,0,"Transport, extracellular"
r1972,-0.9220929579632695,0,"Transport, extracellular"
r1977,-0.9128489000908944,0,"Transport, extracellular"
r1981,-0.8637868207030631,0,"Transport, extracellular"
r1986,0.9837135452605752,0,"Transport, extracellular"
r1987,-0.9916969399271659,0,"Transport, extracellular"
r1990,0.9379201084330497,0,"Transport, extracellular"
r1992,-0.8545428811205183,0,"Transport, extracellular"
r2000,0.9756623001424014,0,"Transport, extracellular"
r2002,0.9400057593798863,0,"Transport, extracellular"
r2007,0.9371589975361674,0,"Transport, extracellular"
r2008,-0.9502591115690461,0,"Transport, extracellular"
r2009,-0.9662878484022639,0,"Transport, extracellular"
r2015,0.8983985420346601,0,"Transport, extracellular"
r2035,0.9727181548123924,0,"Transport, extracellular"
r2036,-0.9176449615583706,0,"Transport, extracellular"
r2040,-0.882072186291223,0,"Transport, extracellular"
r2044,0.9724372568198517,0,"Transport, extracellular"
r2049,0.9335480208431494,0,"Transport, extracellular"
r2051,0.8419091659324249,0,"Transport, extracellular"
r2056,-0.9015123812366144,0,"Transport, extracellular"
r2057,0.9929230764262535,0,"Transport, extracellular"
r2081,-2.112775152668117,0,"Transport, extracellular"
r2082,0.8998354941488881,0,"Transport, extracellular"
r2083,-0.8448782595704304,0,"Transport, extracellular"
r2086,-2.0599096608483776,0,"Transport, extracellular"
r2091,-2.7921545026700625,0,"Transport, extracellular"
r2093,-1.0149950656876172,0,"Transport, extracellular"
r2098,2.2515552286361196,0,"Transport, extracellular"
r2101,-8.193423025947187,0,"Transport, extracellular"
r2102,-13.413350136577668,0,"Transport, extracellular"
r2104,3.4813504005678833,0,"Transport, extracellular"
r2106,-1.5556318920226044,0,"Transport, extracellular"
r2107,-4.744148738660763,0,"Transport, extracellular"
r2108,1.131878791259229,0,"Transport, extracellular"
r2109,-4.904503096974196,0,"Transport, extracellular"
r2110,-3.9935025940650157,0,"Transport, extracellular"
r2111,-4.025498299485902,0,"Transport, extracellular"
r2112,-9.478184006630277,0,"Transport, extracellular"
r2113,-1.1852761156148066,0,"Transport, extracellular"
r2114,22.885816213096316,0,"Transport, extracellular"
r2115,0.9963658769273916,0,"Transport, extracellular"
r2116,0.9614384632525165,0,"Transport, extracellular"
r2117,-4.17922381964501,0,"Transport, extracellular"
r2120,-1.4104188343928237,0,"Transport, extracellular"
r2122,-0.9486800818275919,0,"Transport, extracellular"
r2123,-2.7157859899311303,0,"Transport, extracellular"
r2125,0.9314068019347692,0,"Transport, extracellular"
r2126,-0.8383236461540503,0,"Transport, extracellular"
r2132,-9.095705829033049,0,"Transport, extracellular"
r2133,0.9258486718911761,0,"Transport, extracellular"
r2141,-1.6225224109969598,0,"Transport, extracellular"
r2142,-0.8642254111495227,0,"Transport, extracellular"
r2145,0.9116620125457033,0,"Transport, extracellular"
r2149,6.118860253138826,0,"Transport, extracellular"
r2155,0.9232833603469798,0,"Transport, extracellular"
r2157,-0.8731494449748901,0,"Transport, extracellular"
r2163,0.8695345817995125,0,"Transport, extracellular"
r2164,0.8223040468807123,0,"Transport, extracellular"
r2172,-0.9893767366330607,0,"Transport, extracellular"
r2173,-0.9853699463412315,0,"Transport, extracellular"
r2174,-0.8386277942509087,0,"Transport, extracellular"
r2186,-0.947802806737709,0,"Transport, extracellular"
r2187,0.9616545442032542,0,"Transport, extracellular"
r2188,-0.9181411820608202,0,"Transport, extracellular"
r2194,-1.0045321158300766,0,"Transport, extracellular"
r2195,1.1620910619175464,0,"Transport, extracellular"
r2197,-1.2617966196721229,0,"Transport, extracellular"
r2198,-2.9749076590274313,0,"Transport, extracellular"
r2199,0.9508091031689969,0,"Transport, extracellular"
r2200,-0.8686653053045462,0,"Transport, extracellular"
r2210,0.9611266006643218,0,"Transport, extracellular"
r2211,0.9747283229373113,0,"Transport, extracellular"
r2213,0.9311449429679914,0,"Transport, extracellular"
r2215,-0.9071913181234224,0,"Transport, extracellular"
r2217,-0.9658729182397943,0,"Transport, extracellular"
r2226,0.9541593450545274,0,"Transport, extracellular"
r2227,-0.9274359751098347,0,"Transport, extracellular"
r2228,-0.9735205190007047,0,"Transport, extracellular"
r2233,0.9275948942807635,0,"Transport, extracellular"
r2236,0.9038283003493313,0,"Transport, extracellular"
r2241,0.8532091958986493,0,"Transport, extracellular"
r2242,0.9736056243121043,0,"Transport, extracellular"
r2245,-0.8909064735067089,0,"Transport, extracellular"
r2246,-0.9876867060942802,0,"Transport, extracellular"
r2254,0.9486167874857536,0,"Transport, extracellular"
r2260,-0.908126305241176,0,"Transport, extracellular"
r2261,-0.9416753574523565,0,"Transport, extracellular"
r2263,-0.974175798429486,0,"Transport, extracellular"
r2271,0.9348350014506809,0,"Transport, extracellular"
r2276,-0.863097840614355,0,"Transport, extracellular"
r2277,-0.9635910820873793,0,"Transport, extracellular"
r2279,0.9310357828191852,0,"Transport, extracellular"
r2281,0.9634950737435543,0,"Transport, extracellular"
r2283,0.9819371965804834,0,"Transport, extracellular"
r2288,0.9624468511629423,0,"Transport, extracellular"
r2297,-0.977465591754402,0,"Transport, extracellular"
r2301,-0.8646277327646072,0,"Transport, extracellular"
r2316,-2.240841613476826,0,"Transport, extracellular"
r2318,-3.056944951907156,0,"Transport, extracellular"
r2321,0.9542935568227847,0,"Transport, extracellular"
r2322,1.0627373997631226,0,"Transport, extracellular"
r2325,0.9687024167171608,0,"Transport, extracellular"
r2327,-0.9188418064257995,0,"Transport, extracellular"
r2328,-12.193850312677817,0,"Transport, extracellular"
r2329,-15.359176591107445,0,"Transport, extracellular"
r2332,0.9786704390082163,0,"Transport, extracellular"
r2334,0.9408746190180058,0,"Transport, extracellular"
r2341,2.147398267365054,0,"Transport, extracellular"
r2347,0.9372942433645733,0,"Transport, extracellular"
r2352,-1.0947436876980396,0,"Transport, extracellular"
r2354,-1.184754532217293,0,"Transport, extracellular"
r2356,-1.0838650566896781,0,"Transport, extracellular"
r2357,-1.3420079493751722,0,"Transport, extracellular"
r2358,-2.2929581632144163,0,"Transport, extracellular"
r2359,-2.604199206878265,0,"Transport, extracellular"
r2360,-6.981998054490586,0,"Transport, extracellular"
r2362,-0.8704154799359063,0,"Transport, extracellular"
r2363,-2.6971910796566494,0,"Transport, extracellular"
r2364,0.953368317775553,0,"Transport, extracellular"
r2366,-1.3948939178901323,0,"Transport, extracellular"
r2368,-1.6519855928999203,0,"Transport, extracellular"
r2371,-1.0027522946496383,0,"Transport, mitochondrial"
r2372,1.5193612568899884,0,"Transport, mitochondrial"
r2373,-0.842985099796188,0,"Transport, mitochondrial"
r2374,1.1737348045340634,0,"Transport, mitochondrial"
r2375,-2.4105144243262413,0,"Transport, mitochondrial"
r2376,-0.8290519652710306,0,"Transport, mitochondrial"
r2377,-13.861925932871053,0,"Transport, mitochondrial"
r2393,-0.9879039530085637,0,"Transport, mitochondrial"
r2438,1.0782945475171637,0,"Transport, mitochondrial"
r2507,-1.7711952731707765,0,"Transport, endoplasmic reticular"
r2525,1.3211956318553293,0,"Transport, extracellular"
r2526,-1.8450380755659261,0,"Transport, extracellular"
r2532,5.8431197359358835,0,"Transport, extracellular"
r2538,-1.5812090170918647,0,"Transport, endoplasmic reticular"
EX_sprm[e],1.3150879015442634,0,Exchange/demand reaction
RE0577C,-1.4995543243746303,0,Fatty acid synthesis
RE0936E,-4.716253269485946,0,Miscellaneous
RE0937E,-1.8920262483632628,0,Miscellaneous
RE1100R,1.6255530020307136,0,Steroid metabolism
RE2112R,0.8467479132874207,0,Bile acid synthesis
RE2304E,-3.1394765507601576,0,Miscellaneous
RE2349C,1.8133322654147093,0,Tryptophan metabolism
RE2766C,-1.1367018249399232,0,Steroid metabolism
RE2888C,-0.8604886292284736,0,Purine catabolism
RE2954C,-0.9792015573340042,0,Pyrimidine synthesis
RE3012C,2.094070578556441,0,Eicosanoid metabolism
RE3036C,-1.1219099293408759,0,Arachidonic acid metabolism
RE3038C,-0.9678684485024767,0,Arachidonic acid metabolism
EX_CE2915[e],4.716253269485946,0,Exchange/demand reaction
EX_CE4722[e],-4.716253269485946,0,Exchange/demand reaction
EX_CE2916[e],1.8920262483632628,0,Exchange/demand reaction
EX_CE4723[e],-1.8920262483632628,0,Exchange/demand reaction
EX_CE5787[e],-3.1394765507601576,0,Exchange/demand reaction
EX_CE5791[e],-3.1394765507601576,0,Exchange/demand reaction
EX_CE0074[e],-0.8604886292284736,0,Exchange/demand reaction
C140CPT1,-2.442318288368268,0,Fatty acid oxidation
C4tmc,-0.8828622455918761,0,"Transport, mitochondrial"
FAOXC12DCTc,1.5899403848963134,0,Fatty acid oxidation
FAOXC12DCx,1.5899403848963134,0,Fatty acid oxidation
ALAALACNc,-3.370791761429929,0,"Transport, extracellular"
ALAATB0tc,-0.8367973109294057,0,"Transport, extracellular"
GLYGLYCNc,-3.381079247076104,0,"Transport, extracellular"
GLYSNAT5tc,1.3965766531736186,0,"Transport, extracellular"
ILEATB0tc,-0.8339260749054175,0,"Transport, extracellular"
ORNLEUrBATtc,-0.947119489733207,0,"Transport, extracellular"
3HCO3_NAt,1.363474970586759,0,"Transport, extracellular"
EX_dchac[e],-0.8468901790819108,0,Exchange/demand reaction
SPRMTDe,12.121717408916467,0,"Transport, extracellular"
34HPPte,-15.211532875130967,0,"Transport, extracellular"
AICARte,0.9454925668340943,0,"Transport, extracellular"
EX_34hpp[e],15.211532875130967,0,Exchange/demand reaction
EX_aicar[e],-0.9454925668340943,0,Exchange/demand reaction
LKYNRtr,-1.0268955873056222,0,"Transport, extracellular"
LKYNRtr2,10.27665562321668,0,"Transport, extracellular"
L2AADPtr,-1.5313548020645982,0,"Transport, extracellular"
EX_L2aadp[e],1.5313548020645982,0,Exchange/demand reaction
BETBGTtc,-9.204650626072016,0,"Transport, extracellular"
BUTSMCT1,-4.457728436196664,0,"Transport, extracellular"
PPASMCT1,1.2156745395629014,0,"Transport, extracellular"
PYRSMCT1,1.2645058979621828,0,"Transport, extracellular"
CHSTEROLt,0.8839411266077402,0,"Transport, extracellular"
L_LACt4r,-1.9213641887927442,0,"Transport, extracellular"
AND19ONEc,-0.8717794628122553,0,Steroid metabolism
LCAT21e,-0.8393925583683284,0,Cholesterol metabolism
LCAT25e,0.9442431315677579,0,Cholesterol metabolism
LCAT43e,0.8329655259096843,0,Cholesterol metabolism
LCAT46e,0.8587648922632621,0,Cholesterol metabolism
LCAT6e,0.8259919789026748,0,Cholesterol metabolism
PCHOLN261_HSPLA2,0.9671396829078499,0,Glycerophospholipid metabolism
PCHOLN281_HSPLA2,0.8769918928471818,0,Glycerophospholipid metabolism
AND19ONEt,-0.8717794628122553,0,"Transport, extracellular"
C04483t1,-0.8468901790819108,0,"Transport, extracellular"
EX_and19one[e],-0.8717794628122553,0,Exchange/demand reaction
EX_hxcoa[e],-2.0962135839265086,0,Exchange/demand reaction
EX_mev_R[e],-1.7778933193437925,0,Exchange/demand reaction
EX_pcholn261_hs[e],0.9207329351260223,0,Exchange/demand reaction
EX_pe161_hs[e],-2.219955695690864,0,Exchange/demand reaction
EX_pe226_hs[e],2.43563232154297,0,Exchange/demand reaction
EX_peole_hs[e],59.19243630090821,0,Exchange/demand reaction
EX_pepalm_hs[e],-1.0527031069660204,0,Exchange/demand reaction
EX_sebacid[e],38.323407716904015,0,Exchange/demand reaction
EX_xolest181_hs[e],0.9442431315677579,0,Exchange/demand reaction
HXCOAte,-2.0962135839265086,0,"Transport, extracellular"
MEV_Rt,-1.7778933193437925,0,"Transport, extracellular"
SEBACIDtd,38.3234077761848,0,"Transport, extracellular"
EX_alalysthr[e],-1.3455477421253832,0,Exchange/demand reaction
EX_argalaphe[e],3.4464153474078745,0,Exchange/demand reaction
EX_argalathr[e],-1.015598203770964,0,Exchange/demand reaction
EX_argargmet[e],-1.2663518457063951,0,Exchange/demand reaction
EX_argcysser[e],6.209727934969505,0,Exchange/demand reaction
EX_argglupro[e],-1.3411797221473742,0,Exchange/demand reaction
EX_argglygly[e],5.627613620644082,0,Exchange/demand reaction
EX_arghisthr[e],-8.035685212488929,0,Exchange/demand reaction
EX_argleuphe[e],12.308001653454049,0,Exchange/demand reaction
EX_argpromet[e],-1.51159383705784,0,Exchange/demand reaction
EX_argserser[e],-56.7256609632664,0,Exchange/demand reaction
EX_argvalcys[e],-1.645459598378176,0,Exchange/demand reaction
EX_argvaltrp[e],4.299609120549322,0,Exchange/demand reaction
EX_asnasnarg[e],-0.9237901802973993,0,Exchange/demand reaction
EX_asnmetpro[e],1.8491721315775205,0,Exchange/demand reaction
EX_asnphecys[e],52.13047312479577,0,Exchange/demand reaction
EX_asntyrgly[e],1.1792208468300975,0,Exchange/demand reaction
EX_asntyrphe[e],2.4260537397541486,0,Exchange/demand reaction
EX_aspalaarg[e],-3.0156944220016584,0,Exchange/demand reaction
EX_aspglu[e],-5.520361053546145,0,Exchange/demand reaction
EX_aspglupro[e],3.086496366144114,0,Exchange/demand reaction
EX_asphiscys[e],1.154083742781713,0,Exchange/demand reaction
EX_asplyshis[e],-2.770990142329407,0,Exchange/demand reaction
EX_aspmetasp[e],5.652049485051575,0,Exchange/demand reaction
EX_aspprolys[e],5.835962895583297,0,Exchange/demand reaction
EX_aspvalasn[e],-1.3631289529624373,0,Exchange/demand reaction
EX_cysasnmet[e],3.584373470637518,0,Exchange/demand reaction
EX_cysaspphe[e],-3.3310060810908846,0,Exchange/demand reaction
EX_cyscys[e],12.331019094616833,0,Exchange/demand reaction
EX_cysglnmet[e],-1.1652369713792594,0,Exchange/demand reaction
EX_cysleuthr[e],4.768357523614157,0,Exchange/demand reaction
EX_glnasngln[e],-1.8363456475062614,0,Exchange/demand reaction
EX_glnproglu[e],1.4366800390077383,0,Exchange/demand reaction
EX_gluargleu[e],1.5070293109705766,0,Exchange/demand reaction
EX_gluasnleu[e],-1.347977995170665,0,Exchange/demand reaction
EX_glumet[e],4.536456316261557,0,Exchange/demand reaction
EX_gluthr[e],1.0709016448532396,0,Exchange/demand reaction
EX_gluthrlys[e],-0.9153794214229984,0,Exchange/demand reaction
EX_glyhisasn[e],1.9500202940773017,0,Exchange/demand reaction
EX_glyhislys[e],-1.4983696825145079,0,Exchange/demand reaction
EX_glylysphe[e],1.1250699068167935,0,Exchange/demand reaction
EX_glytyrlys[e],-1.21222253913573,0,Exchange/demand reaction
EX_glyvalhis[e],-1.066449192529355,0,Exchange/demand reaction
EX_hisargser[e],2.020849747858778,0,Exchange/demand reaction
EX_hiscyscys[e],-4.940715369383044,0,Exchange/demand reaction
EX_hisglu[e],1.8304061243815133,0,Exchange/demand reaction
EX_hisglugln[e],20.8503672348829,0,Exchange/demand reaction
EX_hisglylys[e],1.0142188010939694,0,Exchange/demand reaction
EX_hishislys[e],-1.664978682544791,0,Exchange/demand reaction
EX_hislysala[e],3.942404445877928,0,Exchange/demand reaction
EX_hislysglu[e],-0.8801218764393419,0,Exchange/demand reaction
EX_hislysthr[e],-2.6201520915045964,0,Exchange/demand reaction
EX_hismetgln[e],-5.921690794605115,0,Exchange/demand reaction
EX_hisprolys[e],0.8413034175835006,0,Exchange/demand reaction
EX_ileglnglu[e],1.3626677750114877,0,Exchange/demand reaction
EX_ileglyarg[e],-1.9438516347924095,0,Exchange/demand reaction
EX_ileprolys[e],-2.428518262712928,0,Exchange/demand reaction
EX_ileserarg[e],6.038316721879833,0,Exchange/demand reaction
EX_iletrptyr[e],-2.5650736517986688,0,Exchange/demand reaction
EX_leualaarg[e],0.8707384003673215,0,Exchange/demand reaction
EX_leuproarg[e],14.51577394222006,0,Exchange/demand reaction
EX_leusertrp[e],-2.677461569400373,0,Exchange/demand reaction
EX_leutrparg[e],-1.779999141422463,0,Exchange/demand reaction
EX_leutyrtyr[e],4.312585815861247,0,Exchange/demand reaction
EX_leuval[e],-1.2847513310602827,0,Exchange/demand reaction
EX_lyslyslys[e],6.738849731921226,0,Exchange/demand reaction
EX_lyspheile[e],1.994747836947482,0,Exchange/demand reaction
EX_lystyrile[e],-1.2641693593962566,0,Exchange/demand reaction
EX_lysvalphe[e],5.648280796740767,0,Exchange/demand reaction
EX_metargleu[e],-4.9492952258387835,0,Exchange/demand reaction
EX_metglntyr[e],-1.2675764455975096,0,Exchange/demand reaction
EX_methislys[e],-1.6486887174394675,0,Exchange/demand reaction
EX_metphearg[e],4.8438249871868235,0,Exchange/demand reaction
EX_mettrpphe[e],10.92766989122435,0,Exchange/demand reaction
EX_pheglnphe[e],-1.7406361647976991,0,Exchange/demand reaction
EX_pheleuhis[e],-25.894191730209084,0,Exchange/demand reaction
EX_phelysala[e],2.7801754463169472,0,Exchange/demand reaction
EX_phepheasn[e],-1.0608199142261714,0,Exchange/demand reaction
EX_phephethr[e],6.785509177489082,0,Exchange/demand reaction
EX_pheproarg[e],3.392474689285847,0,Exchange/demand reaction
EX_phesertrp[e],-1.22882664044255,0,Exchange/demand reaction
EX_phethrlys[e],-1.627400772613863,0,Exchange/demand reaction
EX_phetyr[e],1.7676660528766641,0,Exchange/demand reaction
EX_phetyrlys[e],-2.229616408942993,0,Exchange/demand reaction
EX_proargcys[e],-2.262860818924731,0,Exchange/demand reaction
EX_proasncys[e],-2.1264784692506904,0,Exchange/demand reaction
EX_procys[e],-1.3078678423201293,0,Exchange/demand reaction
EX_proglnpro[e],-469.18004234008765,0,Exchange/demand reaction
EX_proglulys[e],-2.5783624285149433,0,Exchange/demand reaction
EX_prohis[e],-2.1472289948576484,0,Exchange/demand reaction
EX_prohistyr[e],7.100721205448203,0,Exchange/demand reaction
EX_prolyspro[e],-4.03369771418153,0,Exchange/demand reaction
EX_proproarg[e],0.9524892367376919,0,Exchange/demand reaction
EX_protrpthr[e],1.508001658343742,0,Exchange/demand reaction
EX_provalgln[e],0.8466701189764839,0,Exchange/demand reaction
EX_serargala[e],-0.9426604731592415,0,Exchange/demand reaction
EX_serargtrp[e],-1.7054908011217855,0,Exchange/demand reaction
EX_sercysarg[e],3.2590283810800194,0,Exchange/demand reaction
EX_serglyglu[e],-8.177000263816533,0,Exchange/demand reaction
EX_serlyshis[e],1.8360594741282736,0,Exchange/demand reaction
EX_thrglnglu[e],1.6137660140115146,0,Exchange/demand reaction
EX_thrmetarg[e],-15.043515489732174,0,Exchange/demand reaction
EX_thrthrarg[e],-0.973679610962867,0,Exchange/demand reaction
EX_trpargala[e],15.02510235017287,0,Exchange/demand reaction
EX_trpglugly[e],-1.4609347260429009,0,Exchange/demand reaction
EX_trpglutyr[e],1.1811256532323022,0,Exchange/demand reaction
EX_trpglyphe[e],-1.2705983646457593,0,Exchange/demand reaction
EX_trpiletrp[e],-9.079416491018142,0,Exchange/demand reaction
EX_trpleuval[e],2.7973424932632938,0,Exchange/demand reaction
EX_trplys[e],6.8631056646069135,0,Exchange/demand reaction
EX_trpmetarg[e],5.457648993957163,0,Exchange/demand reaction
EX_trpmetval[e],2.969570156429174,0,Exchange/demand reaction
EX_trpphe[e],-4.418356254089167,0,Exchange/demand reaction
EX_trpprogly[e],6.17590206563297,0,Exchange/demand reaction
EX_trpsertyr[e],122.27710912670274,0,Exchange/demand reaction
EX_trpthrglu[e],0.9321069869787909,0,Exchange/demand reaction
EX_trpthrtyr[e],5.44976319433582,0,Exchange/demand reaction
EX_trptyrtyr[e],5.3445041443488535,0,Exchange/demand reaction
EX_tyrala[e],-12.508697993405471,0,Exchange/demand reaction
EX_tyralaphe[e],-1.3118282862629522,0,Exchange/demand reaction
EX_tyrargser[e],-6.684723115592518,0,Exchange/demand reaction
EX_tyrasparg[e],-3.2870475991970864,0,Exchange/demand reaction
EX_tyrglu[e],-9.822406807491701,0,Exchange/demand reaction
EX_tyrphetyr[e],2.2507700965185027,0,Exchange/demand reaction
EX_tyrtrpphe[e],-2.388039063579782,0,Exchange/demand reaction
EX_tyrvalmet[e],-4.277622012691222,0,Exchange/demand reaction
EX_valarggly[e],1.7257978537689143,0,Exchange/demand reaction
EX_valhisasn[e],3.6009152874670787,0,Exchange/demand reaction
EX_vallystyr[e],-1.9656695940841078,0,Exchange/demand reaction
EX_valphearg[e],-5.606312161346554,0,Exchange/demand reaction
EX_valprotrp[e],1.1726585388950597,0,Exchange/demand reaction
EX_valserarg[e],1.5967046633296216,0,Exchange/demand reaction
EX_valtrpphe[e],0.9242686045540397,0,Exchange/demand reaction
EX_valtrpval[e],-79.18187094822775,0,Exchange/demand reaction
EX_valval[e],-0.9739709977480012,0,Exchange/demand reaction
ALALYSTHRt,1.3455477421253832,0,"Transport, extracellular"
ARGALAPHEt,-3.4464153474078745,0,"Transport, extracellular"
ARGALATHRt,1.015598203770964,0,"Transport, extracellular"
ARGARGMETt,1.2663518457063951,0,"Transport, extracellular"
ARGCYSSERt,-6.209727934969505,0,"Transport, extracellular"
ARGGLUPROt,1.3411797221473742,0,"Transport, extracellular"
ARGGLYGLYt,-5.627613620644082,0,"Transport, extracellular"
ARGHISTHRt,8.035685212488929,0,"Transport, extracellular"
ARGLEUPHEt,-12.308001653454049,0,"Transport, extracellular"
ARGPROMETt,1.5115938370580275,0,"Transport, extracellular"
ARGSERSERt,56.7256609632664,0,"Transport, extracellular"
ARGVALCYSt,1.645459598378176,0,"Transport, extracellular"
ARGVALTRPt,-4.299609120549322,0,"Transport, extracellular"
ASNASNARGt,0.9237901802973993,0,"Transport, extracellular"
ASNMETPROt,-1.8491721315775205,0,"Transport, extracellular"
ASNPHECYSt,-52.13047312479577,0,"Transport, extracellular"
ASNTYRGLYt,-1.1792208468327037,0,"Transport, extracellular"
ASNTYRPHEt,-2.4260537397541486,0,"Transport, extracellular"
ASPALAARGt,3.0156944220016584,0,"Transport, extracellular"
ASPGLUt,5.520361053546145,0,"Transport, extracellular"
ASPGLUPROt,-3.086496366144114,0,"Transport, extracellular"
ASPHISCYSt,-1.154083742781713,0,"Transport, extracellular"
ASPLYSHISt,2.770990142329407,0,"Transport, extracellular"
ASPMETASPt,-5.652049485051575,0,"Transport, extracellular"
ASPPROLYSt,-5.835962895583297,0,"Transport, extracellular"
ASPVALASNt,1.3631289529624373,0,"Transport, extracellular"
CYSASNMETt,-3.584373470637518,0,"Transport, extracellular"
CYSASPPHEt,3.3310060810908846,0,"Transport, extracellular"
CYSCYSt,-12.331019094616833,0,"Transport, extracellular"
CYSGLNMETt,1.1652369713792594,0,"Transport, extracellular"
CYSLEUTHRt,-4.768357523615852,0,"Transport, extracellular"
GLNASNGLNt,1.8363456475062614,0,"Transport, extracellular"
GLNPROGLUt,-1.4366800390077374,0,"Transport, extracellular"
GLUARGLEUt,-1.5070293109705766,0,"Transport, extracellular"
GLUASNLEUt,1.347977995170665,0,"Transport, extracellular"
GLUMETt,-4.536456316261557,0,"Transport, extracellular"
GLUTHRt,-1.0709016448532396,0,"Transport, extracellular"
GLUTHRLYSt,0.9153794214229984,0,"Transport, extracellular"
GLYHISASNt,-1.9500202940773017,0,"Transport, extracellular"
GLYHISLYSt,1.4983696825145079,0,"Transport, extracellular"
GLYLYSPHEt,-1.1250699068167935,0,"Transport, extracellular"
GLYTYRLYSt,1.21222253913573,0,"Transport, extracellular"
GLYVALHISt,1.0664491925292108,0,"Transport, extracellular"
HISARGSERt,-2.020849747858778,0,"Transport, extracellular"
HISCYSCYSt,4.940715369383044,0,"Transport, extracellular"
HISGLUt,-1.8304061243815133,0,"Transport, extracellular"
HISGLUGLNt,-20.8503672348829,0,"Transport, extracellular"
HISGLYLYSt,-1.0142188010939694,0,"Transport, extracellular"
HISHISLYSt,1.664978682544791,0,"Transport, extracellular"
HISLYSALAt,-3.942404445877928,0,"Transport, extracellular"
HISLYSGLUt,0.8801218764393419,0,"Transport, extracellular"
HISLYSTHRt,2.6201520915045964,0,"Transport, extracellular"
HISMETGLNt,5.921690794605115,0,"Transport, extracellular"
HISPROLYSt,-0.8413034175835006,0,"Transport, extracellular"
ILEGLNGLUt,-1.3626677750114877,0,"Transport, extracellular"
ILEGLYARGt,1.9438516347924095,0,"Transport, extracellular"
ILEPROLYSt,2.428518262728183,0,"Transport, extracellular"
ILESERARGt,-6.038316721879833,0,"Transport, extracellular"
ILETRPTYRt,2.5650736517986688,0,"Transport, extracellular"
LEUALAARGt,-0.8707384003673215,0,"Transport, extracellular"
LEUPROARGt,-14.51577394222006,0,"Transport, extracellular"
LEUSERTRPt,2.677461569400373,0,"Transport, extracellular"
LEUTRPARGt,1.779999141422463,0,"Transport, extracellular"
LEUTYRTYRt,-4.312585815861247,0,"Transport, extracellular"
LEUVALt,1.2847513310602827,0,"Transport, extracellular"
LYSLYSLYSt,-6.738849731921226,0,"Transport, extracellular"
LYSPHEILEt,-1.994747836947482,0,"Transport, extracellular"
LYSTYRILEt,1.2641693593962566,0,"Transport, extracellular"
LYSVALPHEt,-5.648280796740767,0,"Transport, extracellular"
METARGLEUt,4.9492952258387835,0,"Transport, extracellular"
METGLNTYRt,1.2675764455975096,0,"Transport, extracellular"
METHISLYSt,1.6486887174394675,0,"Transport, extracellular"
METPHEARGt,-4.8438249871868235,0,"Transport, extracellular"
METTRPPHEt,-10.92766989122435,0,"Transport, extracellular"
PHEGLNPHEt,1.7406361647976991,0,"Transport, extracellular"
PHELEUHISt,25.894191730209084,0,"Transport, extracellular"
PHELYSALAt,-2.7801754463169472,0,"Transport, extracellular"
PHEPHEASNt,1.0608199142261714,0,"Transport, extracellular"
PHEPHETHRt,-6.785509177489082,0,"Transport, extracellular"
PHEPROARGt,-3.392474689285847,0,"Transport, extracellular"
PHESERTRPt,1.22882664044255,0,"Transport, extracellular"
PHETHRLYSt,1.627400772613863,0,"Transport, extracellular"
PHETYRt,-1.7676660528766641,0,"Transport, extracellular"
PHETYRLYSt,2.229616408942993,0,"Transport, extracellular"
PROARGCYSt,2.262860818924731,0,"Transport, extracellular"
PROASNCYSt,2.1264784692506904,0,"Transport, extracellular"
PROCYSt,1.3078678423201293,0,"Transport, extracellular"
PROGLNPROt,469.18004234008765,0,"Transport, extracellular"
PROGLULYSt,2.5783624285149433,0,"Transport, extracellular"
PROHISt,2.1472289948576484,0,"Transport, extracellular"
PROHISTYRt,-7.100721205458708,0,"Transport, extracellular"
PROLYSPROt,4.03369771418153,0,"Transport, extracellular"
PROPROARGt,-0.9524892367376919,0,"Transport, extracellular"
PROTRPTHRt,-1.508001658343742,0,"Transport, extracellular"
PROVALGLNt,-0.8466701189763964,0,"Transport, extracellular"
SERARGALAt,0.9426604731592415,0,"Transport, extracellular"
SERARGTRPt,1.7054908011217855,0,"Transport, extracellular"
SERCYSARGt,-3.2590283810800194,0,"Transport, extracellular"
SERGLYGLUt,8.177000263816533,0,"Transport, extracellular"
SERLYSHISt,-1.8360594741282736,0,"Transport, extracellular"
THRGLNGLUt,-1.6137660140115146,0,"Transport, extracellular"
THRMETARGt,15.043515489732174,0,"Transport, extracellular"
THRTHRARGt,0.973679610962867,0,"Transport, extracellular"
TRPARGALAt,-15.02510235017287,0,"Transport, extracellular"
TRPGLUGLYt,1.4609347260429009,0,"Transport, extracellular"
TRPGLUTYRt,-1.1811256532323022,0,"Transport, extracellular"
TRPGLYPHEt,1.2705983646457593,0,"Transport, extracellular"
TRPILETRPt,9.079416491018142,0,"Transport, extracellular"
TRPLEUVALt,-2.7973424932632938,0,"Transport, extracellular"
TRPLYSt,-6.8631056646069135,0,"Transport, extracellular"
TRPMETARGt,-5.457648993956958,0,"Transport, extracellular"
TRPMETVALt,-2.969570156429174,0,"Transport, extracellular"
TRPPHEt,4.418356254089167,0,"Transport, extracellular"
TRPPROGLYt,-6.17590206563297,0,"Transport, extracellular"
TRPSERTYRt,-122.27710912670274,0,"Transport, extracellular"
TRPTHRGLUt,-0.9321069869787909,0,"Transport, extracellular"
TRPTHRTYRt,-5.44976319433582,0,"Transport, extracellular"
TRPTYRTYRt,-5.3445041443488535,0,"Transport, extracellular"
TYRALAt,12.508697993405471,0,"Transport, extracellular"
TYRALAPHEt,1.3118282862629522,0,"Transport, extracellular"
TYRARGSERt,6.684723115592518,0,"Transport, extracellular"
TYRASPARGt,3.2870475991970864,0,"Transport, extracellular"
TYRGLUt,9.822406807491701,0,"Transport, extracellular"
TYRPHETYRt,-2.2507700965185027,0,"Transport, extracellular"
TYRTRPPHEt,2.388039063579782,0,"Transport, extracellular"
TYRVALMETt,4.277622012691222,0,"Transport, extracellular"
VALARGGLYt,-1.7257978537689143,0,"Transport, extracellular"
VALHISASNt,-3.6009152874670787,0,"Transport, extracellular"
VALLYSTYRt,1.9656695940841078,0,"Transport, extracellular"
VALPHEARGt,5.606312161346554,0,"Transport, extracellular"
VALPROTRPt,-1.1726585388950597,0,"Transport, extracellular"
VALSERARGt,-1.5967046633296216,0,"Transport, extracellular"
VALTRPPHEt,-0.9242686045540399,0,"Transport, extracellular"
VALTRPVALt,79.18187094822775,0,"Transport, extracellular"
VALVALt,0.9739709977480012,0,"Transport, extracellular"
ALALYSTHRr,1.345547742126512,0,Peptide metabolism
ARGALAPHEr,-3.4464153474078745,0,Peptide metabolism
ARGALATHRr,1.0155982037709637,0,Peptide metabolism
ARGARGMETr,1.2663518457063951,0,Peptide metabolism
ARGCYSSERr,-6.209727934969505,0,Peptide metabolism
ARGGLUPROr,1.3411797221473742,0,Peptide metabolism
ARGGLYGLYr,5.627613620644082,0,Peptide metabolism
ARGHISTHRr,8.035685212488929,0,Peptide metabolism
ARGLEUPHEr,-12.308001653454049,0,Peptide metabolism
ARGPROMETr,1.5115938370580275,0,Peptide metabolism
ARGSERSERr,56.7256609632664,0,Peptide metabolism
ARGVALCYSr,1.645459598378176,0,Peptide metabolism
ARGVALTRPr,-4.299609120549322,0,Peptide metabolism
ASNASNARGr,0.9237901802964403,0,Peptide metabolism
ASNMETPROr,-1.8491721315775205,0,Peptide metabolism
ASNPHECYSr,-52.13047312479577,0,Peptide metabolism
ASNTYRGLYr,-1.1792208468327037,0,Peptide metabolism
ASNTYRPHEr,-2.4260537397541486,0,Peptide metabolism
ASPALAARGr,3.0156944220016584,0,Peptide metabolism
ASPGLUr,5.520361053546145,0,Peptide metabolism
ASPGLUPROr,-3.086496366144114,0,Peptide metabolism
ASPHISCYSr,-1.154083742781713,0,Peptide metabolism
ASPLYSHISr,2.770990142329407,0,Peptide metabolism
ASPMETASPr,-5.652049485051575,0,Peptide metabolism
ASPPROLYSr,-5.835962895583297,0,Peptide metabolism
ASPVALASNr,1.3631289529624373,0,Peptide metabolism
CYSASNMETr,-3.584373470637518,0,Peptide metabolism
CYSASPPHEr,3.3310060810904747,0,Peptide metabolism
CYSCYSr,-12.331019094617357,0,Peptide metabolism
CYSGLNMETr,1.1652369713792594,0,Peptide metabolism
CYSLEUTHRr,-4.768357523615852,0,Peptide metabolism
GLNASNGLNr,1.8363456475062614,0,Peptide metabolism
GLNPROGLUr,-1.4366800390077374,0,Peptide metabolism
GLUARGLEUr,-1.5070293109705766,0,Peptide metabolism
GLUASNLEUr,1.347977995170665,0,Peptide metabolism
GLUMETr,-4.536456316261557,0,Peptide metabolism
GLUTHRr,-1.0709016448532396,0,Peptide metabolism
GLUTHRLYSr,0.9153794214229984,0,Peptide metabolism
GLYHISASNr,-1.9500202940773017,0,Peptide metabolism
GLYHISLYSr,1.4983696825145079,0,Peptide metabolism
GLYLYSPHEr,-1.1250699068167935,0,Peptide metabolism
GLYTYRLYSr,1.21222253913573,0,Peptide metabolism
GLYVALHISr,1.0664491925292108,0,Peptide metabolism
HISARGSERr,-2.020849747858778,0,Peptide metabolism
HISCYSCYSr,4.940715369383044,0,Peptide metabolism
HISGLUr,-1.8304061243815133,0,Peptide metabolism
HISGLUGLNr,-20.8503672348829,0,Peptide metabolism
HISGLYLYSr,-1.0142188010939694,0,Peptide metabolism
HISHISLYSr,1.664978682544791,0,Peptide metabolism
HISLYSALAr,-3.942404445877928,0,Peptide metabolism
HISLYSGLUr,0.8801218764393419,0,Peptide metabolism
HISLYSTHRr,2.6201520915045964,0,Peptide metabolism
HISMETGLNr,5.921690794605115,0,Peptide metabolism
HISPROLYSr,-0.8413034175835006,0,Peptide metabolism
ILEGLNGLUr,-1.3626677750114877,0,Peptide metabolism
ILEGLYARGr,1.9438516347924095,0,Peptide metabolism
ILEPROLYSr,2.428518262728183,0,Peptide metabolism
ILESERARGr,-6.038316721879833,0,Peptide metabolism
ILETRPTYRr,2.5650736517986688,0,Peptide metabolism
LEUALAARGr,-0.8707384003673215,0,Peptide metabolism
LEUPROARGr,-14.51577394222006,0,Peptide metabolism
LEUSERTRPr,2.677461569400373,0,Peptide metabolism
LEUTRPARGr,1.779999141422457,0,Peptide metabolism
LEUTYRTYRr,-4.312585815861247,0,Peptide metabolism
LEUVALr,1.2847513310602827,0,Peptide metabolism
LYSLYSLYSr,-6.738849731921226,0,Peptide metabolism
LYSPHEILEr,-1.994747836947482,0,Peptide metabolism
LYSTYRILEr,1.2641693593962566,0,Peptide metabolism
LYSVALPHEr,-5.648280796740767,0,Peptide metabolism
METARGLEUr,4.9492952258387835,0,Peptide metabolism
METGLNTYRr,1.2675764455975096,0,Peptide metabolism
METHISLYSr,1.6486887174394675,0,Peptide metabolism
METPHEARGr,-4.8438249871868235,0,Peptide metabolism
METTRPPHEr,-10.92766989122435,0,Peptide metabolism
PHEGLNPHEr,1.7406361647976991,0,Peptide metabolism
PHELEUHISr,25.894191730209084,0,Peptide metabolism
PHELYSALAr,-2.7801754463169472,0,Peptide metabolism
PHEPHEASNr,1.0608199142261714,0,Peptide metabolism
PHEPHETHRr,-6.785509177488971,0,Peptide metabolism
PHEPROARGr,-3.392474689285847,0,Peptide metabolism
PHESERTRPr,1.22882664044255,0,Peptide metabolism
PHETHRLYSr,1.627400772613863,0,Peptide metabolism
PHETYRr,-1.7676660528766641,0,Peptide metabolism
PHETYRLYSr,2.229616408942993,0,Peptide metabolism
PROARGCYSr,2.262860818924731,0,Peptide metabolism
PROASNCYSr,2.1264784692506904,0,Peptide metabolism
PROCYSr,1.3078678423201293,0,Peptide metabolism
PROGLNPROr,469.18004234008765,0,Peptide metabolism
PROGLULYSr,2.5783624285149433,0,Peptide metabolism
PROHISr,2.1472289948576484,0,Peptide metabolism
PROHISTYRr,-7.100721205458708,0,Peptide metabolism
PROLYSPROr,4.03369771418153,0,Peptide metabolism
PROPROARGr,-0.9524892367377092,0,Peptide metabolism
PROTRPTHRr,-1.508001658343742,0,Peptide metabolism
PROVALGLNr,-0.8466701189764839,0,Peptide metabolism
SERARGALAr,0.9426604731592415,0,Peptide metabolism
SERARGTRPr,1.7054908011217855,0,Peptide metabolism
SERCYSARGr,-3.2590283810800194,0,Peptide metabolism
SERGLYGLUr,8.177000263816533,0,Peptide metabolism
SERLYSHISr,-1.8360594741282736,0,Peptide metabolism
THRGLNGLUr,-1.6137660140115146,0,Peptide metabolism
THRMETARGr,15.043515489732174,0,Peptide metabolism
THRTHRARGr,0.973679610962867,0,Peptide metabolism
TRPARGALAr,-15.02510235017287,0,Peptide metabolism
TRPGLUGLYr,1.4609347260429009,0,Peptide metabolism
TRPGLUTYRr,-1.1811256532323022,0,Peptide metabolism
TRPGLYPHEr,-1.2705983646457593,0,Peptide metabolism
TRPILETRPr,9.079416491018142,0,Peptide metabolism
TRPLEUVALr,-2.7973424932632938,0,Peptide metabolism
TRPLYSr,-6.8631056646069135,0,Peptide metabolism
TRPMETARGr,-5.457648993957163,0,Peptide metabolism
TRPMETVALr,-2.96957015645533,0,Peptide metabolism
TRPPHEr,4.418356254089167,0,Peptide metabolism
TRPPROGLYr,6.17590206563297,0,Peptide metabolism
TRPSERTYRr,-122.27710912670274,0,Peptide metabolism
TRPTHRGLUr,-0.9321069869787909,0,Peptide metabolism
TRPTHRTYRr,-5.44976319433582,0,Peptide metabolism
TRPTYRTYRr,-5.3445041443488535,0,Peptide metabolism
TYRALAr,12.508697993405471,0,Peptide metabolism
TYRALAPHEr,1.3118282862629522,0,Peptide metabolism
TYRARGSERr,6.684723115592518,0,Peptide metabolism
TYRASPARGr,3.2870475991970864,0,Peptide metabolism
TYRGLUr,9.822406807491701,0,Peptide metabolism
TYRPHETYRr,-2.2507700965185027,0,Peptide metabolism
TYRTRPPHEr,2.388039063579782,0,Peptide metabolism
TYRVALMETr,4.277622012691222,0,Peptide metabolism
VALARGGLYr,-1.7257978537689143,0,Peptide metabolism
VALHISASNr,-3.6009152874670787,0,Peptide metabolism
VALLYSTYRr,1.9656695940841078,0,Peptide metabolism
VALPHEARGr,5.606312161346554,0,Peptide metabolism
VALPROTRPr,-1.1726585388950597,0,Peptide metabolism
VALSERARGr,-1.5967046633296216,0,Peptide metabolism
VALTRPPHEr,-0.9242686045540397,0,Peptide metabolism
VALTRPVALr,79.18187094822775,0,Peptide metabolism
VALVALr,0.9739709977480012,0,Peptide metabolism
HOMOVALte,0.9435908609960533,0,"Transport, extracellular"
EX_homoval[e],0.9435908609960533,0,Exchange/demand reaction
PCHOLN261_HSte,-0.9671396829078004,0,"Transport, extracellular"
PCHOLN281_HSte,-0.8769918928476558,0,"Transport, extracellular"
SPRMt2r,-5.7007938670291844,0,"Transport, extracellular"
sink_tmndnc[c],-1.0819299531187325,0,Exchange/demand reaction
ALAR,-1.1222529869323652,0,Alanine and aspartate metabolism
BUTt2r,-1.8193799779864426,0,"Transport, extracellular"
EX_co2[e],1.2935506810767843,0,Exchange/demand reaction
EX_ins[e],1.2648915589375247,0,Exchange/demand reaction
EX_thymd[e],1.658734698776368,0,Exchange/demand reaction
EX_urea[e],-2.4429534195422073,0,Exchange/demand reaction
FBA,-0.879162480112291,0,Glycolysis/gluconeogenesis
GHMT2r,3.7791142449319906,0,"Glycine, serine, alanine, and threonine metabolism"
GK1,-1.3362323004129202,0,Nucleotide interconversion
GLYLEUHYDROc,2.417984525764889,0,"Transport, extracellular"
LEUTA,-2.002511627394182,0,"Valine, leucine, and isoleucine metabolism"
L_LACt2r,-1.6729307347756937,0,"Transport, extracellular"
MTHFC,2.2641630898576186,0,Folate metabolism
NAt3_1,-5.4055111959530775,0,"Transport, extracellular"
NDPK3,2.1111396178325528,0,Nucleotide interconversion
NDPK7,-0.9099970525386293,0,Nucleotide interconversion
NDPK8,-2.5002839710515774,0,Nucleotide interconversion
NDPK9,-1.543705614335559,0,Nucleotide interconversion
PUNP2,-7.23905072805758,0,Purine catabolism
PUNP4,-5.0556931332976065,0,Purine catabolism
PUNP5,-9.843343981524413,0,Purine catabolism
TPI,0.8507024563864726,0,Glycolysis/gluconeogenesis
UREAt,1.4986935710765454,0,"Transport, extracellular"
NTD2,-0.8427103186229467,0,Pyrimidine catabolism
NTD6,-0.856805519532629,0,Nucleotide interconversion
NADS2,0.8397540407776624,0,NAD metabolism
AICART,0.9517648112905474,0,Purine synthesis
EX_fol[e],-0.8342071396746924,0,Exchange/demand reaction
EX_hxan[e],2.680317209572398,0,Exchange/demand reaction
EX_xyl_D[e],2.828596871463445,0,Exchange/demand reaction
HYXNt,-2.680317209572398,0,"Transport, extracellular"
IMPC,-0.9517648112905474,0,Purine synthesis
MDH,0.9495553351309348,0,Citric acid cycle
MI3PP,-0.8379879442096265,0,Inositol phosphate metabolism
TYRTA,49.84922909574207,0,Tyrosine metabolism
XYLt,-2.828596871463449,0,"Transport, extracellular"
ACGAM2E,-2.7316124256322154,0,Aminosugar metabolism
EX_phpyr[e],1.2058601037349348,0,Exchange/demand reaction
EX_tym[e],-2.17609204891008,0,Exchange/demand reaction
PHPYRte,-1.2058601037349326,0,"Transport, extracellular"
APRGSTRNt1e,-1.0746293350135632,0,"Transport, extracellular"
AGRMte,23.04448665169143,0,"Transport, extracellular"
MLTHFte,-0.9344375102591397,0,"Transport, extracellular"
CE1918te,-1.1562473403451774,0,"Transport, extracellular"
34DHOXMANDte,-0.8961602675869585,0,"Transport, extracellular"
AGRMtm,23.04448665169143,0,"Transport, mitochondrial"
EX_agm[e],23.04448665169143,0,Exchange/demand reaction
EX_34dhoxmand[e],-0.8961602675869585,0,Exchange/demand reaction
PPBNGte,8.097471021778084,0,"Transport, extracellular"
EX_ppbng[e],8.097471021778084,0,Exchange/demand reaction
EX_CE1918[e],1.1562473403451774,0,Exchange/demand reaction
GGTe_1,-1.5386138583850404,0,Tyrosine metabolism
NADPQNOXR,-0.8542364539752736,0,Tyrosine metabolism
EX_gd3_hs[e],8.476299523820108,0,Exchange/demand reaction
EX_CE5026[e],1.4257013230110696,0,Miscellaneous
EX_5cysgly34dhphe[e],-1.5386138583850404,0,Miscellaneous
EX_gm1_hs[e],3.0579553827247685,0,Miscellaneous
HMR_1095,1.0462785831196033,0,"Transport, nuclear"
HMR_1129,2.094070578556441,0,Leukotriene metabolism
HMR_1280,-3.5985346767597672,0,Leukotriene metabolism
HMR_1329,1.15913310663083,0,Eicosanoid metabolism
HMR_1620,5.402823915969325,0,"Transport, mitochondrial"
HMR_1623,-6.119718249553069,0,"Transport, peroxisomal"
HMR_2608,-5.338047058861352,0,Fatty acid oxidation
HMR_2609,-5.338047058861352,0,"Transport, mitochondrial"
HMR_2610,5.338047058861352,0,"Transport, mitochondrial"
HMR_2620,0.9386337723495747,0,Fatty acid oxidation
HMR_2621,-0.9386337723500582,0,"Transport, mitochondrial"
HMR_2622,-0.9386337723500203,0,"Transport, mitochondrial"
HMR_2655,-1.3021059747220889,0,"Transport, mitochondrial"
HMR_2660,0.9647643601912292,0,Fatty acid oxidation
HMR_2661,0.9647643601925435,0,"Transport, mitochondrial"
HMR_2662,-0.9647643601925435,0,"Transport, mitochondrial"
HMR_2673,-2.00636785492714,0,"Transport, mitochondrial"
HMR_2718,4.02103724891746,0,"Transport, mitochondrial"
HMR_2722,6.001401257009601,0,"Transport, mitochondrial"
HMR_2744,0.85023995325441,0,"Transport, mitochondrial"
HMR_2748,-1.089104130672574,0,"Transport, mitochondrial"
HMR_2757,2.2399919334546134,0,"Transport, mitochondrial"
HMR_2764,20.474241934524787,0,"Transport, mitochondrial"
HMR_2861,5.563269947381106,0,"Transport, endoplasmic reticular"
HMR_2862,-5.563269948111497,0,"Transport, endoplasmic reticular"
HMR_2888,-1.5812090170979516,0,"Transport, endoplasmic reticular"
HMR_2890,1.5812090170918647,0,"Transport, endoplasmic reticular"
HMR_4261,0.894289996939082,0,NAD metabolism
HMR_4592,-1.8206024690540672,0,Pentose phosphate pathway
HMR_4700,-1.043703926016073,0,"Glycine, serine, alanine, and threonine metabolism"
HMR_6572,-0.8515046221744899,0,Inositol phosphate metabolism
HMR_6826,-1.0187989393092765,0,Phenylalanine metabolism
HMR_6834,1.0187989393092258,0,Phenylalanine metabolism
HMR_6854,1.3911237628736994,0,Phenylalanine metabolism
HMR_7949,1.6255530020374114,0,"Transport, endoplasmic reticular"
HMR_8476,-0.9585910100650962,0,"Transport, nuclear"
HMR_9634,-1.286181051464361,0,"Transport, endoplasmic reticular"
HMR_9639,-0.8604886292284736,0,"Transport, extracellular"
HMR_9680,-1.0928427657635917,0,"Transport, peroxisomal"
3DHCDCHOLt,-0.8763035694802543,0,"Transport, extracellular"
3DHCDCHOLt2,0.8898151440420523,0,"Transport, extracellular"
3DHDCAt2,0.9108613497675201,0,"Transport, extracellular"
3DHLCAt2,0.910595740790289,0,"Transport, extracellular"
7DHCDCHOLt,0.9780509620173858,0,"Transport, extracellular"
7DHCDCHOLt2,-0.9083454054109327,0,"Transport, extracellular"
7DHCHOLt,1.068226614868952,0,"Transport, extracellular"
7DHCHOLt2,-0.9029714125462092,0,"Transport, extracellular"
DCA24GSc,-0.9091913347058117,0,Bile acid synthesis
DCA24GSr,0.8683130392870577,0,Bile acid synthesis
DCA24Gtr,-0.8683130392870577,0,"Transport, extracellular"
DCA3GSc,-0.8710768049497456,0,Bile acid synthesis
DM_hdca24g[c],0.9211074529803486,0,Exchange/demand reaction
HDCA24GSr,0.9423617852159413,0,Bile acid synthesis
HDCA24Gtr,-0.9423617852159413,0,"Transport, extracellular"
ICDCHOLt,-0.9531568549802593,0,"Transport, extracellular"
ISOCHOLt,-1.0017231193373353,0,"Transport, extracellular"
ISOCHOLt2,0.8690080209766561,0,"Transport, extracellular"
M02155tr,0.9132814030797274,0,"Transport, extracellular"
UDCHOLt2,-0.8821050504065661,0,"Transport, extracellular"
4HATVACIDthc,-9.393254268532809,0,Drug metabolism
ALLOP1tu,-0.9772530054436985,0,Drug metabolism
CRVSM24tev,-5.2708440178118545,0,Drug metabolism
IBUP_Rtdhep,0.9748178126251867,0,Drug metabolism
EX_M00260[e],-3.216370179200777,0,Exchange/demand reaction
